Quest Name,Objective,Steps,Min Level,Max Level,First Step Position
Audit,"Item Accountant's notes",1,17,39,"(-177.1, 6.1, 227.1)"
Your Car Needs a Service,"Item Secure Flash drive",1,35,70,"(66.8, 6.9, 304.1)"
You've Got Mail,"Item Registered letter",1,15,35,"(36.4, 1.2, 127.2)"
Ballet Lover,"Zone quest_zone_c5_mar",1,20,45,"(47.6, 11.7, 153.1)"
Glory to CPSU - Part 1,"Zone quest_zone_c6_kpss",1,17,39,"(131.4, 6.6, 232.4)"
Audiophile,"Zone quest_zone_c7_mel",1,25,53,"(43.0, 11.7, 151.5)"
Audiophile,"Item AG guitar pick",1,25,53,"(44.4, 11.7, 149.4)"
House Arrest - Part 1,"Zone quest_zone_c8_dom1",1,33,66,"(127.1, 9.6, 232.6)"
House Arrest - Part 2,"Zone quest_zone_c8_dom2",1,33,66,"(107.9, 6.8, 232.2)"
House Arrest - Part 2,"Zone quest_zone_c8_dom2_dead",1,33,66,"(106.8, 4.3, 222.5)"
Population Census,"Item Housing office journal",1,12,29,"(84.0, 0.9, 130.9)"
Urban Medicine,"Zone quest_zone_c11_gmed",1,17,39,"(93.0, 2.7, 320.4)"
Urban Medicine,"Item Chemical container with samples",1,17,39,"(97.7, 3.1, 317.1)"
Surveillance,"Item Working hard drive",1,25,53,"(209.0, -1.2, 412.0)"
Revision - Streets of Tarkov,"Zone quest_zone_place_c14_revx_1",1,17,39,"(-139.1, 4.2, 439.4)"
Revision - Streets of Tarkov,"Zone quest_zone_place_c14_revx_2",1,17,39,"(146.5, 5.6, 408.6)"
Revision - Streets of Tarkov,"Zone quest_zone_place_c14_revx_3",1,17,39,"(1.7, 1.5, 33.3)"
Green Corridor,"Zone quest_zone_c16_koll_1",1,20,45,"(14.9, 2.3, 226.3)"
Green Corridor,"Zone quest_zone_c16_koll_2",1,20,45,"(62.2, 2.6, 272.8)"
The Huntsman Path - Administrator,"Zone quest_zone_kill_c17_adm",1,23,50,"(-69.2, 1.0, 115.8)"
Watching You,"Zone quest_zone_c21_look",1,20,45,"(-67.8, 5.2, 65.9)"
Watching You,"Item Flash drive with recordings",1,20,45,"(-65.8, 5.1, 66.4)"
Broadcast - Part 2,"Zone quest_zone_c25_cinem",1,15,35,"(157.4, 3.8, 314.3)"
Broadcast - Part 4,"Zone quest_zone_c27_sect",1,27,56,"(-130.8, 8.8, 269.7)"
Road Closed,"Zone quest_zone_c16_koll_1",1,20,45,"(14.9, 2.3, 226.3)"
Road Closed,"Zone quest_zone_c16_koll_2",1,20,45,"(62.2, 2.6, 272.8)"
Information Source,"Zone quest_zone_place_c24_tigr1",1,35,70,"(-69.4, 5.1, 358.5)"
Information Source,"Zone quest_zone_place_c24_tigr2",1,35,70,"(172.5, 6.4, 416.9)"
Missing Informant,"Zone quest_zone_keeper99",1,35,70,"(-130.4, 2.4, 396.5)"
Missing Informant,"Item Informant's journal",1,35,70,"(-129.2, 2.4, 392.5)"
Spotter,"Zone quest_zone_keeper8_1",1,35,70,"(214.8, 9.4, 398.1)"
Spotter,"Zone quest_zone_keeper8_1_hide1",1,35,70,"(214.9, 9.4, 395.8)"
Spotter,"Zone quest_zone_keeper8_2",1,35,70,"(37.0, 10.2, 88.2)"
Spotter,"Zone quest_zone_keeper8_1_hide2",1,35,70,"(38.0, 12.3, 156.2)"
Trouble in the Big City,"Zone quest_zone_c16_koll_1",1,35,70,"(14.9, 2.3, 226.3)"
Trouble in the Big City,"Zone quest_zone_keeper10_place",1,35,70,"(10.5, 3.6, 217.6)"
Debtor,"Zone quest_zone_c29_debt",1,31,62,"(-80.3, 5.3, 50.5)"
Broadcast - Part 3,"Zone quest_zone_c25_cinem2",1,20,45,"(-204.7, 2.4, 242.6)"
The Delicious Sausage,"Zone quest_produkt1",1,5,17,"(-204.3, 3.4, 181.2)"
The Delicious Sausage,"Zone quest_produkt2",1,5,17,"(153.7, 3.8, 299.5)"
The Delicious Sausage,"Zone quest_produkt3",1,5,17,"(-77.2, 3.0, 159.0)"
The Delicious Sausage,"Zone quest_produkt4",1,5,17,"(275.6, 3.4, 381.4)"
Gendarmerie - Tickets Please,"Zone quest_zone_kill_cinema",1,21,47,"(-180.4, 2.3, 400.7)"
Broadcast - Part 5,"Zone quest_zone_find_2st_mech",1,27,56,"(188.3, -0.2, 226.6)"
Broadcast - Part 5,"Zone quest_zone_hide_2st_mech",1,27,56,"(188.7, -0.1, 226.7)"
The Door,"Zone quest_zone_find_sillent",1,15,35,"(184.4, 5.8, 55.6)"
The Door,"Zone quest_zone_hide_sillent",1,15,35,"(183.9, 5.8, 54.0)"
The Door,"Zone quest_zone_hide_sillent2",1,15,35,"(176.2, 6.2, 81.3)"
Ambulances Again,"Item Paramedic's GPhone X",1,17,39,"(131.4, 5.1, 239.5)"
Glory to CPSU - Part 2,"Zone quest_zone_find_2st_kpss2",1,22,48,"(246.3, -1.2, 52.4)"
Glory to CPSU - Part 2,"Item Journal",1,22,48,"(246.4, -1.2, 55.9)"
Beyond the Red Meat - Part 1,"Item Chef's diary",1,22,48,"(-40.8, 5.4, -43.0)"
Beyond the Red Meat - Part 2,"Item Secret component",1,22,48,"(-28.6, 7.4, -117.3)"
Pets Won't Need It - Part 1,"Zone quest_zone_find_2st_med_invent1",1,12,29,"(224.9, 4.0, 172.8)"
Pets Won't Need It - Part 1,"Zone quest_zone_find_2st_med_invent2",1,12,29,"(183.0, 1.8, 102.0)"
Pyramid Scheme,"Zone Bank_points_3",1,28,57,"(-50.9, 2.7, 454.3)"
Pyramid Scheme,"Zone Bank_points_4",1,28,57,"(-58.2, 2.7, 454.0)"
Pyramid Scheme,"Zone Bank_points_6",1,28,57,"(279.0, 3.4, 370.0)"
Pyramid Scheme,"Zone Bank_points_1",1,28,57,"(97.8, 0.4, -22.1)"
Pyramid Scheme,"Zone Bank_points_2",1,28,57,"(82.6, 0.3, -30.5)"
Pyramid Scheme,"Zone Bank_points_8",1,28,57,"(-160.2, 0.6, -47.6)"
Pyramid Scheme,"Zone Bank_points_9",1,28,57,"(-148.6, 5.1, -63.0)"
Pyramid Scheme,"Zone Bank_points_10",1,28,57,"(-35.1, 0.6, -69.7)"
Pyramid Scheme,"Zone Bank_points_13",1,28,57,"(-53.6, 0.6, -69.7)"
Pyramid Scheme,"Zone Bank_points_11",1,28,57,"(-114.0, 0.7, -12.5)"
Pyramid Scheme,"Zone Bank_points_12",1,28,57,"(-166.4, 0.7, -3.4)"
Pyramid Scheme,"Zone Bank_points_5",1,28,57,"(54.6, 2.8, 235.1)"
Pyramid Scheme,"Zone Bank_points_14",1,28,57,"(0.4, -3.7, -18.7)"
Pyramid Scheme,"Zone Bank_points_15",1,28,57,"(8.3, -3.7, 4.8)"
Pyramid Scheme,"Zone Bank_points_16",1,28,57,"(236.6, -2.1, -93.8)"
Developer's Secrets - Part 1,"Zone Office_enter",1,25,53,"(164.0, 1.2, 148.5)"
Developer's Secrets - Part 1,"Zone Office_quest",1,25,53,"(164.2, 0.8, 167.3)"
Developer's Secrets - Part 2,"Zone Hookah_quest",1,25,53,"(-211.8, 3.2, 297.8)"
Pets Won't Need It - Part 2,"Zone Pharma_1",1,12,29,"(39.3, 2.7, 162.4)"
Pets Won't Need It - Part 2,"Zone Pharma_2",1,12,29,"(-44.6, 3.3, 336.1)"
Pets Won't Need It - Part 2,"Zone Pharma_3",1,12,29,"(89.7, 4.1, -275.2)"
Properties All Around,"Zone fond_quest",1,22,48,"(-58.3, 2.7, 457.9)"
Dandies,"Zone quest_zone_hide_barber1",2,33,66,"(206.6, 3.6, 411.8)"
Dandies,"Zone quest_zone_hide_barber2",2,33,66,"(214.3, 3.4, 409.3)"
Spawn Point Wander,"Spawn Point (142.9 6.7 361.2)",1,0,99,"(142.9, 6.7, 361.2)"
Spawn Point Wander,"Spawn Point (203.8 1.2 190.7)",1,0,99,"(203.8, 1.2, 190.7)"
Spawn Point Wander,"Spawn Point (204.7 3.5 404.3)",1,0,99,"(204.7, 3.5, 404.3)"
Spawn Point Wander,"Spawn Point (63.7 0.3 -55.2)",1,0,99,"(63.7, 0.3, -55.2)"
Spawn Point Wander,"Spawn Point (-133.3 0.6 -26.7)",1,0,99,"(-133.3, 0.6, -26.7)"
Spawn Point Wander,"Spawn Point (39.3 2.8 200.4)",1,0,99,"(39.3, 2.8, 200.4)"
Spawn Point Wander,"Spawn Point (204.6 6.9 297.1)",1,0,99,"(204.6, 6.9, 297.1)"
Spawn Point Wander,"Spawn Point (172.0 0.5 153.2)",1,0,99,"(172.0, 0.5, 153.2)"
Spawn Point Wander,"Spawn Point (-178.5 2.5 415.0)",1,0,99,"(-178.5, 2.5, 415.0)"
Spawn Point Wander,"Spawn Point (184.8 2.5 187.0)",1,0,99,"(184.8, 2.5, 187.0)"
Spawn Point Wander,"Spawn Point (100.7 -1.9 -162.5)",1,0,99,"(100.7, -1.9, -162.5)"
Spawn Point Wander,"Spawn Point (53.2 4.5 -138.6)",1,0,99,"(53.2, 4.5, -138.6)"
Spawn Point Wander,"Spawn Point (58.9 2.7 324.2)",1,0,99,"(58.9, 2.7, 324.2)"
Spawn Point Wander,"Spawn Point (53.2 4.8 -130.6)",1,0,99,"(53.2, 4.8, -130.6)"
Spawn Point Wander,"Spawn Point (232.6 3.5 409.5)",1,0,99,"(232.6, 3.5, 409.5)"
Spawn Point Wander,"Spawn Point (271.1 3.5 374.0)",1,0,99,"(271.1, 3.5, 374.0)"
Spawn Point Wander,"Spawn Point (-134.8 3.1 399.6)",1,0,99,"(-134.8, 3.1, 399.6)"
Spawn Point Wander,"Spawn Point (-163.9 3.2 183.1)",1,0,99,"(-163.9, 3.2, 183.1)"
Spawn Point Wander,"Spawn Point (-164.6 2.3 291.6)",1,0,99,"(-164.6, 2.3, 291.6)"
Spawn Point Wander,"Spawn Point (39.2 2.9 222.3)",1,0,99,"(39.2, 2.9, 222.3)"
Spawn Point Wander,"Spawn Point (-59.8 3.2 -147.3)",1,0,99,"(-59.8, 3.2, -147.3)"
Spawn Point Wander,"Spawn Point (269.5 -1.2 379.6)",1,0,99,"(269.5, -1.2, 379.6)"
Spawn Point Wander,"Spawn Point (-50.2 5.2 -31.7)",1,0,99,"(-50.2, 5.2, -31.7)"
Spawn Point Wander,"Spawn Point (-84.3 1.5 177.9)",1,0,99,"(-84.3, 1.5, 177.9)"
Spawn Point Wander,"Spawn Point (224.6 0.5 182.2)",1,0,99,"(224.6, 0.5, 182.2)"
Spawn Point Wander,"Spawn Point (-147.8 14.9 -7.2)",1,0,99,"(-147.8, 14.9, -7.2)"
Spawn Point Wander,"Spawn Point (101.0 2.7 271.2)",1,0,99,"(101.0, 2.7, 271.2)"
Spawn Point Wander,"Spawn Point (211.1 -1.2 341.6)",1,0,99,"(211.1, -1.2, 341.6)"
Spawn Point Wander,"Spawn Point (226.8 0.5 218.9)",1,0,99,"(226.8, 0.5, 218.9)"
Spawn Point Wander,"Spawn Point (-232.0 2.3 345.0)",1,0,99,"(-232.0, 2.3, 345.0)"
Spawn Point Wander,"Spawn Point (228.8 0.7 173.6)",1,0,99,"(228.8, 0.7, 173.6)"
Spawn Point Wander,"Spawn Point (236.8 0.5 216.9)",1,0,99,"(236.8, 0.5, 216.9)"
Spawn Point Wander,"Spawn Point (39.0 2.8 203.4)",1,0,99,"(39.0, 2.8, 203.4)"
Spawn Point Wander,"Spawn Point (-74.7 0.9 75.2)",1,0,99,"(-74.7, 0.9, 75.2)"
Spawn Point Wander,"Spawn Point (-76.4 0.9 76.5)",1,0,99,"(-76.4, 0.9, 76.5)"
Spawn Point Wander,"Spawn Point (-59.9 3.7 -148.6)",1,0,99,"(-59.9, 3.7, -148.6)"
Spawn Point Wander,"Spawn Point (-47.5 0.6 -67.7)",1,0,99,"(-47.5, 0.6, -67.7)"
Spawn Point Wander,"Spawn Point (215.3 3.4 331.6)",1,0,99,"(215.3, 3.4, 331.6)"
Spawn Point Wander,"Spawn Point (208.6 3.9 296.6)",1,0,99,"(208.6, 3.9, 296.6)"
Spawn Point Wander,"Spawn Point (186.9 3.5 460.5)",1,0,99,"(186.9, 3.5, 460.5)"
Spawn Point Wander,"Spawn Point (-44.8 6.7 -114.2)",1,0,99,"(-44.8, 6.7, -114.2)"
Spawn Point Wander,"Spawn Point (210.0 -1.2 341.7)",1,0,99,"(210.0, -1.2, 341.7)"
Spawn Point Wander,"Spawn Point (-227.3 5.3 277.3)",1,0,99,"(-227.3, 5.3, 277.3)"
Spawn Point Wander,"Spawn Point (-58.2 3.2 -146.8)",1,0,99,"(-58.2, 3.2, -146.8)"
Spawn Point Wander,"Spawn Point (-16.3 2.8 -133.7)",1,0,99,"(-16.3, 2.8, -133.7)"
Spawn Point Wander,"Spawn Point (-132.9 14.9 -10.4)",1,0,99,"(-132.9, 14.9, -10.4)"
Spawn Point Wander,"Spawn Point (-136.9 2.6 399.6)",1,0,99,"(-136.9, 2.6, 399.6)"
Spawn Point Wander,"Spawn Point (-158.9 0.7 -27.8)",1,0,99,"(-158.9, 0.7, -27.8)"
Spawn Point Wander,"Spawn Point (214.9 -4.5 30.4)",1,0,99,"(214.9, -4.5, 30.4)"
Spawn Point Wander,"Spawn Point (-96.6 0.9 83.2)",1,0,99,"(-96.6, 0.9, 83.2)"
Spawn Point Wander,"Spawn Point (228.4 0.6 171.4)",1,0,99,"(228.4, 0.6, 171.4)"
Spawn Point Wander,"Spawn Point (60.7 0.5 169.5)",1,0,99,"(60.7, 0.5, 169.5)"
Spawn Point Wander,"Spawn Point (-170.3 2.3 287.4)",1,0,99,"(-170.3, 2.3, 287.4)"
Spawn Point Wander,"Spawn Point (232.7 -2.0 -103.1)",1,0,99,"(232.7, -2.0, -103.1)"
Spawn Point Wander,"Spawn Point (221.2 0.6 170.9)",1,0,99,"(221.2, 0.6, 170.9)"
Spawn Point Wander,"Spawn Point (85.8 5.4 348.5)",1,0,99,"(85.8, 5.4, 348.5)"
Spawn Point Wander,"Spawn Point (235.6 0.5 213.8)",1,0,99,"(235.6, 0.5, 213.8)"
Spawn Point Wander,"Spawn Point (256.0 -1.2 357.7)",1,0,99,"(256.0, -1.2, 357.7)"
Spawn Point Wander,"Spawn Point (138.0 -1.4 -55.1)",1,0,99,"(138.0, -1.4, -55.1)"
Spawn Point Wander,"Spawn Point (76.4 -0.6 86.2)",1,0,99,"(76.4, -0.6, 86.2)"
Spawn Point Wander,"Spawn Point (55.0 11.9 297.4)",1,0,99,"(55.0, 11.9, 297.4)"
Spawn Point Wander,"Spawn Point (-189.9 8.8 421.7)",1,0,99,"(-189.9, 8.8, 421.7)"
Spawn Point Wander,"Spawn Point (-134.5 2.5 399.6)",1,0,99,"(-134.5, 2.5, 399.6)"
Spawn Point Wander,"Spawn Point (-176.8 1.2 105.2)",1,0,99,"(-176.8, 1.2, 105.2)"
Spawn Point Wander,"Spawn Point (231.9 -2.0 -106.1)",1,0,99,"(231.9, -2.0, -106.1)"
Spawn Point Wander,"Spawn Point (-86.0 1.5 178.0)",1,0,99,"(-86.0, 1.5, 178.0)"
Spawn Point Wander,"Spawn Point (71.8 2.7 266.4)",1,0,99,"(71.8, 2.7, 266.4)"
Spawn Point Wander,"Spawn Point (164.6 0.5 138.1)",1,0,99,"(164.6, 0.5, 138.1)"
Spawn Point Wander,"Spawn Point (-205.1 3.4 182.1)",1,0,99,"(-205.1, 3.4, 182.1)"
Spawn Point Wander,"Spawn Point (187.1 1.6 189.6)",1,0,99,"(187.1, 1.6, 189.6)"
Spawn Point Wander,"Spawn Point (214.8 3.4 329.9)",1,0,99,"(214.8, 3.4, 329.9)"
Spawn Point Wander,"Spawn Point (-179.3 2.5 416.4)",1,0,99,"(-179.3, 2.5, 416.4)"
Spawn Point Wander,"Spawn Point (261.5 -5.9 50.0)",1,0,99,"(261.5, -5.9, 50.0)"
Spawn Point Wander,"Spawn Point (-16.9 2.6 242.3)",1,0,99,"(-16.9, 2.6, 242.3)"
Spawn Point Wander,"Spawn Point (-176.6 2.5 467.0)",1,0,99,"(-176.6, 2.5, 467.0)"
Spawn Point Wander,"Spawn Point (-70.7 1.5 154.2)",1,0,99,"(-70.7, 1.5, 154.2)"
Spawn Point Wander,"Spawn Point (271.4 -1.2 376.3)",1,0,99,"(271.4, -1.2, 376.3)"
Spawn Point Wander,"Spawn Point (-258.3 2.9 140.8)",1,0,99,"(-258.3, 2.9, 140.8)"
Spawn Point Wander,"Spawn Point (-111.7 0.7 -28.4)",1,0,99,"(-111.7, 0.7, -28.4)"
Spawn Point Wander,"Spawn Point (-203.6 3.4 180.8)",1,0,99,"(-203.6, 3.4, 180.8)"
Spawn Point Wander,"Spawn Point (234.7 -2.0 -103.4)",1,0,99,"(234.7, -2.0, -103.4)"
Spawn Point Wander,"Spawn Point (102.1 -1.9 -158.6)",1,0,99,"(102.1, -1.9, -158.6)"
Spawn Point Wander,"Spawn Point (-192.3 3.1 345.7)",1,0,99,"(-192.3, 3.1, 345.7)"
Spawn Point Wander,"Spawn Point (201.2 3.5 401.8)",1,0,99,"(201.2, 3.5, 401.8)"
Spawn Point Wander,"Spawn Point (-150.6 0.7 -63.4)",1,0,99,"(-150.6, 0.7, -63.4)"
Spawn Point Wander,"Spawn Point (-182.9 2.4 413.6)",1,0,99,"(-182.9, 2.4, 413.6)"
Spawn Point Wander,"Spawn Point (-152.3 0.7 -66.6)",1,0,99,"(-152.3, 0.7, -66.6)"
Spawn Point Wander,"Spawn Point (176.0 3.1 234.8)",1,0,99,"(176.0, 3.1, 234.8)"
Spawn Point Wander,"Spawn Point (-192.7 5.0 386.3)",1,0,99,"(-192.7, 5.0, 386.3)"
Spawn Point Wander,"Spawn Point (52.7 4.5 -135.6)",1,0,99,"(52.7, 4.5, -135.6)"
Spawn Point Wander,"Spawn Point (-50.9 0.7 -67.3)",1,0,99,"(-50.9, 0.7, -67.3)"
Spawn Point Wander,"Spawn Point (244.7 -5.4 28.7)",1,0,99,"(244.7, -5.4, 28.7)"
Spawn Point Wander,"Spawn Point (185.6 3.5 459.4)",1,0,99,"(185.6, 3.5, 459.4)"
Spawn Point Wander,"Spawn Point (-235.2 2.8 345.1)",1,0,99,"(-235.2, 2.8, 345.1)"
Spawn Point Wander,"Spawn Point (99.4 2.8 446.8)",1,0,99,"(99.4, 2.8, 446.8)"
Spawn Point Wander,"Spawn Point (-15.8 2.6 232.6)",1,0,99,"(-15.8, 2.6, 232.6)"
Spawn Point Wander,"Spawn Point (-161.8 14.9 -4.3)",1,0,99,"(-161.8, 14.9, -4.3)"
Spawn Point Wander,"Spawn Point (155.8 3.6 428.6)",1,0,99,"(155.8, 3.6, 428.6)"
Spawn Point Wander,"Spawn Point (41.2 28.5 -20.7)",1,0,99,"(41.2, 28.5, -20.7)"
Spawn Point Wander,"Spawn Point (-24.7 21.2 228.1)",1,0,99,"(-24.7, 21.2, 228.1)"
Spawn Point Wander,"Spawn Point (-66.0 2.7 459.7)",1,0,99,"(-66.0, 2.7, 459.7)"
Spawn Point Wander,"Spawn Point (270.5 -4.4 88.7)",1,0,99,"(270.5, -4.4, 88.7)"
Spawn Point Wander,"Spawn Point (-242.3 3.7 242.9)",1,0,99,"(-242.3, 3.7, 242.9)"
Spawn Point Wander,"Spawn Point (45.8 2.7 417.1)",1,0,99,"(45.8, 2.7, 417.1)"
Spawn Point Wander,"Spawn Point (167.7 -3.7 29.6)",1,0,99,"(167.7, -3.7, 29.6)"
Spawn Point Wander,"Spawn Point (157.0 3.6 430.8)",1,0,99,"(157.0, 3.6, 430.8)"
Spawn Point Wander,"Spawn Point (186.5 1.6 188.4)",1,0,99,"(186.5, 1.6, 188.4)"
Spawn Point Wander,"Spawn Point (186.8 3.5 454.4)",1,0,99,"(186.8, 3.5, 454.4)"
Spawn Point Wander,"Spawn Point (-106.4 0.7 -29.2)",1,0,99,"(-106.4, 0.7, -29.2)"
Spawn Point Wander,"Spawn Point (-232.0 2.2 342.5)",1,0,99,"(-232.0, 2.2, 342.5)"
Spawn Point Wander,"Spawn Point (195.2 1.2 221.3)",1,0,99,"(195.2, 1.2, 221.3)"
Spawn Point Wander,"Spawn Point (172.9 0.5 154.8)",1,0,99,"(172.9, 0.5, 154.8)"
Spawn Point Wander,"Spawn Point (-243.1 3.4 240.6)",1,0,99,"(-243.1, 3.4, 240.6)"
Spawn Point Wander,"Spawn Point (204.5 4.1 297.9)",1,0,99,"(204.5, 4.1, 297.9)"
Spawn Point Wander,"Spawn Point (-10.4 2.8 -135.4)",1,0,99,"(-10.4, 2.8, -135.4)"
Spawn Point Wander,"Spawn Point (144.9 -1.4 -42.8)",1,0,99,"(144.9, -1.4, -42.8)"
Spawn Point Wander,"Spawn Point (-180.5 2.5 419.1)",1,0,99,"(-180.5, 2.5, 419.1)"
Spawn Point Wander,"Spawn Point (233.4 -2.0 -107.1)",1,0,99,"(233.4, -2.0, -107.1)"
Spawn Point Wander,"Spawn Point (243.6 -5.4 29.3)",1,0,99,"(243.6, -5.4, 29.3)"
Spawn Point Wander,"Spawn Point (227.6 3.4 410.7)",1,0,99,"(227.6, 3.4, 410.7)"
Spawn Point Wander,"Spawn Point (-175.2 2.5 468.7)",1,0,99,"(-175.2, 2.5, 468.7)"
Spawn Point Wander,"Spawn Point (-152.8 9.7 -26.9)",1,0,99,"(-152.8, 9.7, -26.9)"
Spawn Point Wander,"Spawn Point (-61.5 2.7 457.4)",1,0,99,"(-61.5, 2.7, 457.4)"
Spawn Point Wander,"Spawn Point (-155.7 0.7 -22.8)",1,0,99,"(-155.7, 0.7, -22.8)"
Spawn Point Wander,"Spawn Point (-150.6 9.6 -23.6)",1,0,99,"(-150.6, 9.6, -23.6)"
Spawn Point Wander,"Spawn Point (78.0 2.8 286.2)",1,0,99,"(78.0, 2.8, 286.2)"
Spawn Point Wander,"Spawn Point (231.3 3.5 410.4)",1,0,99,"(231.3, 3.5, 410.4)"
Spawn Point Wander,"Spawn Point (-254.0 3.1 125.4)",1,0,99,"(-254.0, 3.1, 125.4)"
Spawn Point Wander,"Spawn Point (-47.7 0.7 -65.5)",1,0,99,"(-47.7, 0.7, -65.5)"
Spawn Point Wander,"Spawn Point (44.5 2.7 414.9)",1,0,99,"(44.5, 2.7, 414.9)"
Spawn Point Wander,"Spawn Point (244.7 -3.2 -37.0)",1,0,99,"(244.7, -3.2, -37.0)"
Spawn Point Wander,"Spawn Point (170.0 -3.7 30.1)",1,0,99,"(170.0, -3.7, 30.1)"
Spawn Point Wander,"Spawn Point (-123.6 5.1 -31.5)",1,0,99,"(-123.6, 5.1, -31.5)"
Spawn Point Wander,"Spawn Point (-234.3 2.2 342.1)",1,0,99,"(-234.3, 2.2, 342.1)"
Spawn Point Wander,"Spawn Point (200.8 3.5 405.0)",1,0,99,"(200.8, 3.5, 405.0)"
Spawn Point Wander,"Spawn Point (258.0 -1.2 357.1)",1,0,99,"(258.0, -1.2, 357.1)"
Spawn Point Wander,"Spawn Point (175.7 3.2 236.7)",1,0,99,"(175.7, 3.2, 236.7)"
Spawn Point Wander,"Spawn Point (144.6 3.5 357.9)",1,0,99,"(144.6, 3.5, 357.9)"
Spawn Point Wander,"Spawn Point (-48.5 0.7 -67.7)",1,0,99,"(-48.5, 0.7, -67.7)"
Spawn Point Wander,"Spawn Point (179.1 3.0 233.0)",1,0,99,"(179.1, 3.0, 233.0)"
Spawn Point Wander,"Spawn Point (-226.6 5.3 279.1)",1,0,99,"(-226.6, 5.3, 279.1)"
Spawn Point Wander,"Spawn Point (-65.7 2.7 457.6)",1,0,99,"(-65.7, 2.7, 457.6)"
Spawn Point Wander,"Spawn Point (-80.2 0.9 74.1)",1,0,99,"(-80.2, 0.9, 74.1)"
Spawn Point Wander,"Spawn Point (-29.7 5.2 -64.8)",1,0,99,"(-29.7, 5.2, -64.8)"
Spawn Point Wander,"Spawn Point (211.9 -0.3 343.2)",1,0,99,"(211.9, -0.3, 343.2)"
Spawn Point Wander,"Spawn Point (-51.0 5.2 -29.6)",1,0,99,"(-51.0, 5.2, -29.6)"
Spawn Point Wander,"Spawn Point (272.0 -1.2 375.4)",1,0,99,"(272.0, -1.2, 375.4)"
Spawn Point Wander,"Spawn Point (-46.1 0.6 -67.7)",1,0,99,"(-46.1, 0.6, -67.7)"
Spawn Point Wander,"Spawn Point (257.3 -5.9 51.0)",1,0,99,"(257.3, -5.9, 51.0)"
Spawn Point Wander,"Spawn Point (170.3 -1.5 -129.3)",1,0,99,"(170.3, -1.5, -129.3)"
Spawn Point Wander,"Spawn Point (-52.3 -0.2 386.3)",1,0,99,"(-52.3, -0.2, 386.3)"
Spawn Point Wander,"Spawn Point (-100.4 2.3 268.5)",1,0,99,"(-100.4, 2.3, 268.5)"
Spawn Point Wander,"Spawn Point (76.0 -0.6 88.5)",1,0,99,"(76.0, -0.6, 88.5)"
Spawn Point Wander,"Spawn Point (114.5 0.9 189.1)",1,0,99,"(114.5, 0.9, 189.1)"
Spawn Point Wander,"Spawn Point (-188.9 3.1 340.4)",1,0,99,"(-188.9, 3.1, 340.4)"
Spawn Point Wander,"Spawn Point (-176.3 1.2 106.9)",1,0,99,"(-176.3, 1.2, 106.9)"
Spawn Point Wander,"Spawn Point (209.4 4.1 298.7)",1,0,99,"(209.4, 4.1, 298.7)"
Spawn Point Wander,"Spawn Point (205.6 3.9 296.4)",1,0,99,"(205.6, 3.9, 296.4)"
Spawn Point Wander,"Spawn Point (44.8 0.3 -36.9)",1,0,99,"(44.8, 0.3, -36.9)"
Spawn Point Wander,"Spawn Point (212.7 -1.2 350.1)",1,0,99,"(212.7, -1.2, 350.1)"
Spawn Point Wander,"Spawn Point (-147.5 0.1 -67.4)",1,0,99,"(-147.5, 0.1, -67.4)"
Spawn Point Wander,"Spawn Point (-135.8 2.3 401.5)",1,0,99,"(-135.8, 2.3, 401.5)"
Spawn Point Wander,"Spawn Point (-72.0 1.5 154.8)",1,0,99,"(-72.0, 1.5, 154.8)"
Spawn Point Wander,"Spawn Point (143.0 3.5 359.7)",1,0,99,"(143.0, 3.5, 359.7)"
Spawn Point Wander,"Spawn Point (206.2 6.9 299.3)",1,0,99,"(206.2, 6.9, 299.3)"
Spawn Point Wander,"Spawn Point (271.0 3.5 371.2)",1,0,99,"(271.0, 3.5, 371.2)"
Spawn Point Wander,"Spawn Point (89.8 2.7 314.9)",1,0,99,"(89.8, 2.7, 314.9)"
Spawn Point Wander,"Spawn Point (209.8 3.9 297.3)",1,0,99,"(209.8, 3.9, 297.3)"
Spawn Point Wander,"Spawn Point (258.6 -5.9 48.8)",1,0,99,"(258.6, -5.9, 48.8)"
Spawn Point Wander,"Spawn Point (212.0 0.4 345.3)",1,0,99,"(212.0, 0.4, 345.3)"
Spawn Point Wander,"Spawn Point (274.1 4.8 518.3)",1,0,99,"(274.1, 4.8, 518.3)"
Spawn Point Wander,"Spawn Point (106.7 -1.9 -162.6)",1,0,99,"(106.7, -1.9, -162.6)"
Spawn Point Wander,"Spawn Point (271.8 3.5 369.5)",1,0,99,"(271.8, 3.5, 369.5)"
Spawn Point Wander,"Spawn Point (-134.4 2.5 395.9)",1,0,99,"(-134.4, 2.5, 395.9)"
Spawn Point Wander,"Spawn Point (-69.3 1.5 156.1)",1,0,99,"(-69.3, 1.5, 156.1)"
Spawn Point Wander,"Spawn Point (142.4 3.5 361.6)",1,0,99,"(142.4, 3.5, 361.6)"
Spawn Point Wander,"Spawn Point (-158.0 9.7 -26.7)",1,0,99,"(-158.0, 9.7, -26.7)"
Spawn Point Wander,"Spawn Point (-195.4 5.0 384.7)",1,0,99,"(-195.4, 5.0, 384.7)"
Spawn Point Wander,"Spawn Point (-1.2 -3.7 -4.2)",1,0,99,"(-1.2, -3.7, -4.2)"
Spawn Point Wander,"Spawn Point (177.3 3.1 234.8)",1,0,99,"(177.3, 3.1, 234.8)"
Spawn Point Wander,"Spawn Point (81.4 2.8 297.4)",1,0,99,"(81.4, 2.8, 297.4)"
Spawn Point Wander,"Spawn Point (224.4 0.5 220.0)",1,0,99,"(224.4, 0.5, 220.0)"
Spawn Point Wander,"Spawn Point (-162.0 2.3 289.5)",1,0,99,"(-162.0, 2.3, 289.5)"
Spawn Point Wander,"Spawn Point (251.7 -1.1 148.4)",1,0,99,"(251.7, -1.1, 148.4)"
Spawn Point Wander,"Spawn Point (-161.7 3.2 180.7)",1,0,99,"(-161.7, 3.2, 180.7)"
Spawn Point Wander,"Spawn Point (211.0 0.5 346.1)",1,0,99,"(211.0, 0.5, 346.1)"
Spawn Point Wander,"Spawn Point (-225.6 5.2 282.2)",1,0,99,"(-225.6, 5.2, 282.2)"
Spawn Point Wander,"Spawn Point (-243.1 3.7 243.5)",1,0,99,"(-243.1, 3.7, 243.5)"
Spawn Point Wander,"Spawn Point (89.3 35.0 101.3)",1,0,99,"(89.3, 35.0, 101.3)"
Spawn Point Wander,"Spawn Point (-84.9 1.5 175.6)",1,0,99,"(-84.9, 1.5, 175.6)"
Spawn Point Wander,"Spawn Point (-14.9 2.8 -139.3)",1,0,99,"(-14.9, 2.8, -139.3)"
Spawn Point Wander,"Spawn Point (-162.8 3.2 178.0)",1,0,99,"(-162.8, 3.2, 178.0)"
Spawn Point Wander,"Spawn Point (-178.0 1.2 107.9)",1,0,99,"(-178.0, 1.2, 107.9)"
Spawn Point Wander,"Spawn Point (251.6 -1.1 145.4)",1,0,99,"(251.6, -1.1, 145.4)"
Spawn Point Wander,"Spawn Point (-77.4 0.9 75.0)",1,0,99,"(-77.4, 0.9, 75.0)"
Spawn Point Wander,"Spawn Point (207.8 3.5 404.6)",1,0,99,"(207.8, 3.5, 404.6)"
Spawn Point Wander,"Spawn Point (173.4 -1.2 57.7)",1,0,99,"(173.4, -1.2, 57.7)"
Spawn Point Wander,"Spawn Point (158.3 3.6 428.5)",1,0,99,"(158.3, 3.6, 428.5)"
Spawn Point Wander,"Spawn Point (-155.8 9.7 -26.9)",1,0,99,"(-155.8, 9.7, -26.9)"
Spawn Point Wander,"Spawn Point (244.9 -3.2 -40.1)",1,0,99,"(244.9, -3.2, -40.1)"
Spawn Point Wander,"Spawn Point (-93.9 0.9 86.9)",1,0,99,"(-93.9, 0.9, 86.9)"
Spawn Point Wander,"Spawn Point (-52.4 0.7 -66.4)",1,0,99,"(-52.4, 0.7, -66.4)"
Spawn Point Wander,"Spawn Point (-135.4 2.5 399.7)",1,0,99,"(-135.4, 2.5, 399.7)"
Spawn Point Wander,"Spawn Point (-206.3 3.4 181.0)",1,0,99,"(-206.3, 3.4, 181.0)"
Spawn Point Wander,"Spawn Point (-190.1 3.1 338.1)",1,0,99,"(-190.1, 3.1, 338.1)"
Spawn Point Wander,"Spawn Point (167.0 -1.5 -132.8)",1,0,99,"(167.0, -1.5, -132.8)"
Spawn Point Wander,"Spawn Point (-16.7 2.7 238.5)",1,0,99,"(-16.7, 2.7, 238.5)"
Spawn Point Wander,"Spawn Point (165.5 -1.3 106.8)",1,0,99,"(165.5, -1.3, 106.8)"
Spawn Point Wander,"Spawn Point (-65.7 2.7 461.4)",1,0,99,"(-65.7, 2.7, 461.4)"
Spawn Point Wander,"Spawn Point (-31.2 2.6 465.0)",1,0,99,"(-31.2, 2.6, 465.0)"
Spawn Point Wander,"Spawn Point (-87.7 1.5 178.3)",1,0,99,"(-87.7, 1.5, 178.3)"
Spawn Point Wander,"Spawn Point (245.0 -3.2 -38.6)",1,0,99,"(245.0, -3.2, -38.6)"
Spawn Point Wander,"Spawn Point (173.8 -1.2 56.3)",1,0,99,"(173.8, -1.2, 56.3)"
Spawn Point Wander,"Spawn Point (-227.3 5.2 282.5)",1,0,99,"(-227.3, 5.2, 282.5)"
Spawn Point Wander,"Spawn Point (38.5 0.1 -46.8)",1,0,99,"(38.5, 0.1, -46.8)"
Spawn Point Wander,"Spawn Point (-136.1 0.1 -71.3)",1,0,99,"(-136.1, 0.1, -71.3)"
Spawn Point Wander,"Spawn Point (-191.4 3.1 344.7)",1,0,99,"(-191.4, 3.1, 344.7)"
Spawn Point Wander,"Spawn Point (140.7 -1.4 -51.7)",1,0,99,"(140.7, -1.4, -51.7)"
Spawn Point Wander,"Spawn Point (-165.6 3.2 183.1)",1,0,99,"(-165.6, 3.2, 183.1)"
Spawn Point Wander,"Spawn Point (-151.1 0.7 -66.9)",1,0,99,"(-151.1, 0.7, -66.9)"
Spawn Point Wander,"Spawn Point (-58.3 3.2 -145.3)",1,0,99,"(-58.3, 3.2, -145.3)"
Spawn Point Wander,"Spawn Point (79.9 0.9 165.2)",1,0,99,"(79.9, 0.9, 165.2)"
Spawn Point Wander,"Spawn Point (259.1 -5.3 76.6)",1,0,99,"(259.1, -5.3, 76.6)"
Spawn Point Wander,"Spawn Point (-61.9 2.7 461.7)",1,0,99,"(-61.9, 2.7, 461.7)"
Spawn Point Wander,"Spawn Point (-136.3 2.3 402.7)",1,0,99,"(-136.3, 2.3, 402.7)"
Spawn Point Wander,"Spawn Point (226.4 0.7 171.1)",1,0,99,"(226.4, 0.7, 171.1)"
Spawn Point Wander,"Spawn Point (184.8 -4.2 30.2)",1,0,99,"(184.8, -4.2, 30.2)"
Spawn Point Wander,"Spawn Point (-31.0 2.6 466.5)",1,0,99,"(-31.0, 2.6, 466.5)"
Spawn Point Wander,"Spawn Point (234.4 -2.0 -105.5)",1,0,99,"(234.4, -2.0, -105.5)"
Spawn Point Wander,"Spawn Point (-43.2 6.7 -114.2)",1,0,99,"(-43.2, 6.7, -114.2)"
Spawn Point Wander,"Spawn Point (-32.6 2.6 466.5)",1,0,99,"(-32.6, 2.6, 466.5)"
Spawn Point Wander,"Spawn Point (-226.2 5.2 280.8)",1,0,99,"(-226.2, 5.2, 280.8)"
Spawn Point Wander,"Spawn Point (-153.6 0.1 -64.6)",1,0,99,"(-153.6, 0.1, -64.6)"
Spawn Point Wander,"Spawn Point (43.7 28.5 -17.0)",1,0,99,"(43.7, 28.5, -17.0)"
Spawn Point Wander,"Spawn Point (99.0 -1.9 -158.8)",1,0,99,"(99.0, -1.9, -158.8)"
Spawn Point Wander,"Spawn Point (-32.6 2.6 465.1)",1,0,99,"(-32.6, 2.6, 465.1)"
Spawn Point Wander,"Spawn Point (-3.2 -3.7 -6.1)",1,0,99,"(-3.2, -3.7, -6.1)"
Spawn Point Wander,"Spawn Point (208.6 -1.2 350.4)",1,0,99,"(208.6, -1.2, 350.4)"
Spawn Point Wander,"Spawn Point (184.8 3.4 328.2)",1,0,99,"(184.8, 3.4, 328.2)"
Spawn Point Wander,"Spawn Point (-166.7 23.2 390.4)",1,0,99,"(-166.7, 23.2, 390.4)"
Spawn Point Wander,"Spawn Point (114.2 1.3 192.1)",1,0,99,"(114.2, 1.3, 192.1)"
Spawn Point Wander,"Spawn Point (-107.0 0.7 -30.8)",1,0,99,"(-107.0, 0.7, -30.8)"
Spawn Point Wander,"Spawn Point (167.9 -1.5 -128.5)",1,0,99,"(167.9, -1.5, -128.5)"
Spawn Point Wander,"Spawn Point (229.4 3.4 410.7)",1,0,99,"(229.4, 3.4, 410.7)"
Spawn Point Wander,"Spawn Point (222.5 0.5 182.7)",1,0,99,"(222.5, 0.5, 182.7)"
Spawn Point Wander,"Spawn Point (-16.4 2.6 231.3)",1,0,99,"(-16.4, 2.6, 231.3)"
Spawn Point Wander,"Spawn Point (271.6 -1.2 379.9)",1,0,99,"(271.6, -1.2, 379.9)"
Spawn Point Wander,"Spawn Point (38.4 2.2 195.0)",1,0,99,"(38.4, 2.2, 195.0)"
Spawn Point Wander,"Spawn Point (-244.4 2.2 238.0)",1,0,99,"(-244.4, 2.2, 238.0)"
Spawn Point Wander,"Spawn Point (147.2 3.5 358.0)",1,0,99,"(147.2, 3.5, 358.0)"
Spawn Point Wander,"Spawn Point (189.2 1.7 206.9)",1,0,99,"(189.2, 1.7, 206.9)"
Spawn Point Wander,"Spawn Point (188.9 0.6 195.2)",1,0,99,"(188.9, 0.6, 195.2)"
Spawn Point Wander,"Spawn Point (-230.6 2.2 342.5)",1,0,99,"(-230.6, 2.2, 342.5)"
Spawn Point Wander,"Spawn Point (-192.4 8.8 421.6)",1,0,99,"(-192.4, 8.8, 421.6)"
Spawn Point Wander,"Spawn Point (211.1 3.9 297.4)",1,0,99,"(211.1, 3.9, 297.4)"
Spawn Point Wander,"Spawn Point (-109.0 0.7 -28.3)",1,0,99,"(-109.0, 0.7, -28.3)"
Spawn Point Wander,"Spawn Point (142.9 3.6 358.0)",1,0,99,"(142.9, 3.6, 358.0)"
Spawn Point Wander,"Spawn Point (81.3 0.9 163.6)",1,0,99,"(81.3, 0.9, 163.6)"
Spawn Point Wander,"Spawn Point (-111.4 0.7 -30.9)",1,0,99,"(-111.4, 0.7, -30.9)"
Spawn Point Wander,"Spawn Point (168.3 -1.5 -130.7)",1,0,99,"(168.3, -1.5, -130.7)"
Spawn Point Wander,"Spawn Point (77.9 0.7 165.5)",1,0,99,"(77.9, 0.7, 165.5)"
Spawn Point Wander,"Spawn Point (95.9 2.7 306.5)",1,0,99,"(95.9, 2.7, 306.5)"
Spawn Point Wander,"Spawn Point (164.3 0.5 136.7)",1,0,99,"(164.3, 0.5, 136.7)"
Spawn Point Wander,"Spawn Point (269.9 -1.2 381.3)",1,0,99,"(269.9, -1.2, 381.3)"
Spawn Point Wander,"Spawn Point (-195.6 5.0 387.0)",1,0,99,"(-195.6, 5.0, 387.0)"
Spawn Point Wander,"Spawn Point (45.1 2.7 413.6)",1,0,99,"(45.1, 2.7, 413.6)"
Spawn Point Wander,"Spawn Point (93.9 2.6 451.3)",1,0,99,"(93.9, 2.6, 451.3)"
Spawn Point Wander,"Spawn Point (273.3 -1.2 377.3)",1,0,99,"(273.3, -1.2, 377.3)"
Spawn Point Wander,"Spawn Point (-194.2 8.8 423.1)",1,0,99,"(-194.2, 8.8, 423.1)"
Spawn Point Wander,"Spawn Point (-12.5 2.6 231.9)",1,0,99,"(-12.5, 2.6, 231.9)"
Spawn Point Wander,"Spawn Point (260.2 -1.2 130.0)",1,0,99,"(260.2, -1.2, 130.0)"
Spawn Point Wander,"Spawn Point (104.3 -1.9 -162.5)",1,0,99,"(104.3, -1.9, -162.5)"
Spawn Point Wander,"Spawn Point (185.4 3.5 451.3)",1,0,99,"(185.4, 3.5, 451.3)"
Spawn Point Wander,"Spawn Point (-162.4 3.2 182.1)",1,0,99,"(-162.4, 3.2, 182.1)"
Spawn Point Wander,"Spawn Point (-98.3 0.9 86.3)",1,0,99,"(-98.3, 0.9, 86.3)"
Spawn Point Wander,"Spawn Point (46.2 2.7 415.8)",1,0,99,"(46.2, 2.7, 415.8)"
Spawn Point Wander,"Spawn Point (-181.5 2.5 415.1)",1,0,99,"(-181.5, 2.5, 415.1)"
Spawn Point Wander,"Spawn Point (-50.8 0.7 -65.1)",1,0,99,"(-50.8, 0.7, -65.1)"
Spawn Point Wander,"Spawn Point (177.5 3.1 236.5)",1,0,99,"(177.5, 3.1, 236.5)"
Spawn Point Wander,"Spawn Point (-119.2 14.9 -12.3)",1,0,99,"(-119.2, 14.9, -12.3)"
Spawn Point Wander,"Spawn Point (-135.9 2.5 395.5)",1,0,99,"(-135.9, 2.5, 395.5)"
Spawn Point Wander,"Spawn Point (275.7 -4.4 88.0)",1,0,99,"(275.7, -4.4, 88.0)"
Spawn Point Wander,"Spawn Point (71.0 0.3 -49.3)",1,0,99,"(71.0, 0.3, -49.3)"
Spawn Point Wander,"Spawn Point (245.6 -5.7 24.9)",1,0,99,"(245.6, -5.7, 24.9)"
Spawn Point Wander,"Spawn Point (-152.4 0.7 -63.0)",1,0,99,"(-152.4, 0.7, -63.0)"
Spawn Point Wander,"Spawn Point (-31.6 0.6 -59.6)",1,0,99,"(-31.6, 0.6, -59.6)"
Spawn Point Wander,"Spawn Point (215.2 3.4 330.8)",1,0,99,"(215.2, 3.4, 330.8)"
Spawn Point Wander,"Spawn Point (-30.1 0.7 -63.2)",1,0,99,"(-30.1, 0.7, -63.2)"
Spawn Point Wander,"Spawn Point (234.6 0.5 215.8)",1,0,99,"(234.6, 0.5, 215.8)"
Spawn Point Wander,"Spawn Point (210.5 -1.2 351.6)",1,0,99,"(210.5, -1.2, 351.6)"
Spawn Point Wander,"Spawn Point (206.9 3.9 295.8)",1,0,99,"(206.9, 3.9, 295.8)"
Spawn Point Wander,"Spawn Point (-35.5 1.5 156.6)",1,0,99,"(-35.5, 1.5, 156.6)"
Spawn Point Wander,"Spawn Point (207.1 4.1 298.6)",1,0,99,"(207.1, 4.1, 298.6)"
Spawn Point Wander,"Spawn Point (-175.0 2.5 466.1)",1,0,99,"(-175.0, 2.5, 466.1)"
Spawn Point Wander,"Spawn Point (186.5 -4.4 30.8)",1,0,99,"(186.5, -4.4, 30.8)"
Spawn Point Wander,"Spawn Point (75.7 0.6 165.3)",1,0,99,"(75.7, 0.6, 165.3)"
Spawn Point Wander,"Spawn Point (259.9 -5.9 52.3)",1,0,99,"(259.9, -5.9, 52.3)"
Spawn Point Wander,"Spawn Point (-166.0 23.2 410.9)",1,0,99,"(-166.0, 23.2, 410.9)"
Spawn Point Wander,"Spawn Point (-192.0 8.8 423.3)",1,0,99,"(-192.0, 8.8, 423.3)"
Spawn Point Wander,"Spawn Point (185.4 3.5 456.8)",1,0,99,"(185.4, 3.5, 456.8)"
Spawn Point Wander,"Spawn Point (-176.1 1.2 108.4)",1,0,99,"(-176.1, 1.2, 108.4)"
Spawn Point Wander,"Spawn Point (-16.2 2.6 253.6)",1,0,99,"(-16.2, 2.6, 253.6)"
Spawn Point Wander,"Spawn Point (50.6 4.5 -134.5)",1,0,99,"(50.6, 4.5, -134.5)"
Spawn Point Wander,"Spawn Point (82.3 2.8 266.4)",1,0,99,"(82.3, 2.8, 266.4)"
Spawn Point Wander,"Spawn Point (-171.4 2.4 285.1)",1,0,99,"(-171.4, 2.4, 285.1)"
Spawn Point Wander,"Spawn Point (101.5 5.0 312.9)",1,0,99,"(101.5, 5.0, 312.9)"
Spawn Point Wander,"Spawn Point (117.3 0.6 188.7)",1,0,99,"(117.3, 0.6, 188.7)"
Spawn Point Wander,"Spawn Point (258.7 -5.3 77.9)",1,0,99,"(258.7, -5.3, 77.9)"
Spawn Point Wander,"Spawn Point (185.6 1.6 189.0)",1,0,99,"(185.6, 1.6, 189.0)"
Spawn Point Wander,"Spawn Point (192.3 1.1 221.8)",1,0,99,"(192.3, 1.1, 221.8)"
Spawn Point Wander,"Spawn Point (-204.1 3.4 179.4)",1,0,99,"(-204.1, 3.4, 179.4)"
Spawn Point Wander,"Spawn Point (202.9 3.5 402.5)",1,0,99,"(202.9, 3.5, 402.5)"
Spawn Point Wander,"Spawn Point (142.9 3.6 363.5)",1,0,99,"(142.9, 3.6, 363.5)"
Spawn Point Wander,"Spawn Point (-105.0 2.3 267.0)",1,0,99,"(-105.0, 2.3, 267.0)"
Spawn Point Wander,"Spawn Point (-36.1 5.2 -64.4)",1,0,99,"(-36.1, 5.2, -64.4)"
Spawn Point Wander,"Spawn Point (75.2 -0.6 92.3)",1,0,99,"(75.2, -0.6, 92.3)"
Spawn Point Wander,"Spawn Point (-139.9 2.5 401.0)",1,0,99,"(-139.9, 2.5, 401.0)"
Spawn Point Wander,"Spawn Point (244.6 -3.2 -41.8)",1,0,99,"(244.6, -3.2, -41.8)"
Spawn Point Wander,"Spawn Point (98.7 2.8 450.6)",1,0,99,"(98.7, 2.8, 450.6)"
Spawn Point Wander,"Spawn Point (257.7 -1.2 359.4)",1,0,99,"(257.7, -1.2, 359.4)"
Spawn Point Wander,"Spawn Point (-153.9 0.7 -64.5)",1,0,99,"(-153.9, 0.7, -64.5)"
Spawn Point Wander,"Spawn Point (126.7 -1.4 -27.7)",1,0,99,"(126.7, -1.4, -27.7)"
Spawn Point Wander,"Spawn Point (-70.5 1.5 152.4)",1,0,99,"(-70.5, 1.5, 152.4)"
Spawn Point Wander,"Spawn Point (-59.7 4.5 -149.7)",1,0,99,"(-59.7, 4.5, -149.7)"
Spawn Point Wander,"Spawn Point (-176.5 2.5 469.0)",1,0,99,"(-176.5, 2.5, 469.0)"
Spawn Point Wander,"Spawn Point (-42.9 6.7 -115.7)",1,0,99,"(-42.9, 6.7, -115.7)"
Spawn Point Wander,"Spawn Point (-254.2 3.5 149.6)",1,0,99,"(-254.2, 3.5, 149.6)"
Spawn Point Wander,"Spawn Point (-13.9 2.8 -132.9)",1,0,99,"(-13.9, 2.8, -132.9)"
Spawn Point Wander,"Spawn Point (-2.7 -3.7 -4.2)",1,0,99,"(-2.7, -3.7, -4.2)"
Spawn Point Wander,"Spawn Point (53.2 4.5 -132.5)",1,0,99,"(53.2, 4.5, -132.5)"
Spawn Point Wander,"Spawn Point (-193.6 3.1 346.5)",1,0,99,"(-193.6, 3.1, 346.5)"
Spawn Point Wander,"Spawn Point (216.3 0.7 170.6)",1,0,99,"(216.3, 0.7, 170.6)"
Spawn Point Wander,"Spawn Point (-174.3 1.2 107.6)",1,0,99,"(-174.3, 1.2, 107.6)"
Spawn Point Wander,"Spawn Point (-195.9 5.0 389.3)",1,0,99,"(-195.9, 5.0, 389.3)"
Spawn Point Wander,"Spawn Point (272.0 -1.2 374.7)",1,0,99,"(272.0, -1.2, 374.7)"
Spawn Point Wander,"Spawn Point (-149.9 9.7 -27.3)",1,0,99,"(-149.9, 9.7, -27.3)"
Spawn Point Wander,"Spawn Point (-31.5 0.6 -70.6)",1,0,99,"(-31.5, 0.6, -70.6)"
Spawn Point Wander,"Spawn Point (226.2 3.4 410.5)",1,0,99,"(226.2, 3.4, 410.5)"
Spawn Point Wander,"Spawn Point (43.8 2.7 416.5)",1,0,99,"(43.8, 2.7, 416.5)"
Spawn Point Wander,"Spawn Point (-96.1 0.9 87.0)",1,0,99,"(-96.1, 0.9, 87.0)"
Spawn Point Wander,"Spawn Point (268.7 -4.4 89.0)",1,0,99,"(268.7, -4.4, 89.0)"
Spawn Point Wander,"Spawn Point (39.3 2.8 220.4)",1,0,99,"(39.3, 2.8, 220.4)"
Spawn Point Wander,"Spawn Point (274.1 -1.2 376.2)",1,0,99,"(274.1, -1.2, 376.2)"
Spawn Point Wander,"Spawn Point (271.2 -1.2 378.5)",1,0,99,"(271.2, -1.2, 378.5)"
Spawn Point Wander,"Spawn Point (-141.0 2.5 401.0)",1,0,99,"(-141.0, 2.5, 401.0)"
Spawn Point Wander,"Spawn Point (203.2 -1.2 405.0)",1,0,99,"(203.2, -1.2, 405.0)"
Spawn Point Wander,"Spawn Point (-103.9 2.3 268.0)",1,0,99,"(-103.9, 2.3, 268.0)"
Spawn Point Wander,"Spawn Point (165.5 -1.3 106.8)",1,0,99,"(165.5, -1.3, 106.8)"
Spawn Point Wander,"Spawn Point (101.5 2.7 290.3)",1,0,99,"(101.5, 2.7, 290.3)"
Spawn Point Wander,"Spawn Point (-193.9 5.0 389.2)",1,0,99,"(-193.9, 5.0, 389.2)"
Spawn Point Wander,"Spawn Point (75.4 -0.7 90.2)",1,0,99,"(75.4, -0.7, 90.2)"
Spawn Point Wander,"Spawn Point (226.2 3.4 410.5)",1,0,99,"(226.2, 3.4, 410.5)"
Spawn Point Wander,"Spawn Point (273.2 4.8 516.7)",1,0,99,"(273.2, 4.8, 516.7)"
Spawn Point Wander,"Spawn Point (-203.7 3.4 182.3)",1,0,99,"(-203.7, 3.4, 182.3)"
Spawn Point Wander,"Spawn Point (274.7 4.8 517.3)",1,0,99,"(274.7, 4.8, 517.3)"
Spawn Point Wander,"Spawn Point (275.4 4.8 516.1)",1,0,99,"(275.4, 4.8, 516.1)"
Spawn Point Wander,"Spawn Point (143.0 -1.4 -36.0)",1,0,99,"(143.0, -1.4, -36.0)"
Spawn Point Wander,"Spawn Point (65.7 28.5 -16.1)",1,0,99,"(65.7, 28.5, -16.1)"
Spawn Point Wander,"Spawn Point (273.1 -1.2 375.7)",1,0,99,"(273.1, -1.2, 375.7)"
Spawn Point Wander,"Spawn Point (277.2 -4.4 88.0)",1,0,99,"(277.2, -4.4, 88.0)"
Spawn Point Wander,"Spawn Point (-50.0 5.2 -62.1)",1,0,99,"(-50.0, 5.2, -62.1)"
Spawn Point Wander,"Spawn Point (216.2 -4.5 30.7)",1,0,99,"(216.2, -4.5, 30.7)"
Spawn Point Wander,"Spawn Point (154.1 3.6 428.1)",1,0,99,"(154.1, 3.6, 428.1)"
Spawn Point Wander,"Spawn Point (164.6 0.5 138.1)",1,0,99,"(164.6, 0.5, 138.1)"
Spawn Point Wander,"Spawn Point (-173.3 2.5 467.4)",1,0,99,"(-173.3, 2.5, 467.4)"
Spawn Point Wander,"Spawn Point (272.0 4.8 516.2)",1,0,99,"(272.0, 4.8, 516.2)"
Spawn Point Wander,"Spawn Point (76.3 2.8 288.4)",1,0,99,"(76.3, 2.8, 288.4)"
Spawn Point Wander,"Spawn Point (-159.8 0.7 -21.0)",1,0,99,"(-159.8, 0.7, -21.0)"
Spawn Point Wander,"Spawn Point (-109.6 1.5 73.1)",1,0,99,"(-109.6, 1.5, 73.1)"
Spawn Point Wander,"Spawn Point (57.4 0.3 -55.5)",1,0,99,"(57.4, 0.3, -55.5)"
Spawn Point Wander,"Spawn Point (272.3 -4.5 87.7)",1,0,99,"(272.3, -4.5, 87.7)"
Spawn Point Wander,"Spawn Point (58.6 11.9 309.9)",1,0,99,"(58.6, 11.9, 309.9)"
Spawn Point Wander,"Spawn Point (-42.9 6.7 -117.2)",1,0,99,"(-42.9, 6.7, -117.2)"
Spawn Point Wander,"Spawn Point (210.9 -1.2 350.2)",1,0,99,"(210.9, -1.2, 350.2)"
Spawn Point Wander,"Spawn Point (91.7 2.6 450.0)",1,0,99,"(91.7, 2.6, 450.0)"
Spawn Point Wander,"Spawn Point (-10.5 2.8 -138.0)",1,0,99,"(-10.5, 2.8, -138.0)"
Spawn Point Wander,"Spawn Point (43.6 0.3 -43.7)",1,0,99,"(43.6, 0.3, -43.7)"
Spawn Point Wander,"Spawn Point (257.0 -5.3 77.1)",1,0,99,"(257.0, -5.3, 77.1)"
Spawn Point Wander,"Spawn Point (-101.2 2.3 269.5)",1,0,99,"(-101.2, 2.3, 269.5)"
Spawn Point Wander,"Spawn Point (186.3 1.7 186.5)",1,0,99,"(186.3, 1.7, 186.5)"
Spawn Point Wander,"Spawn Point (-33.0 0.6 -69.9)",1,0,99,"(-33.0, 0.6, -69.9)"
Spawn Point Wander,"Spawn Point (155.2 3.6 430.3)",1,0,99,"(155.2, 3.6, 430.3)"
Spawn Point Wander,"Spawn Point (-29.9 2.6 465.5)",1,0,99,"(-29.9, 2.6, 465.5)"
Spawn Point Wander,"Spawn Point (207.4 1.2 190.4)",1,0,99,"(207.4, 1.2, 190.4)"
Spawn Point Wander,"Spawn Point (259.3 -1.2 358.5)",1,0,99,"(259.3, -1.2, 358.5)"
Spawn Point Wander,"Spawn Point (188.0 1.8 191.3)",1,0,99,"(188.0, 1.8, 191.3)"
Spawn Point Wander,"Spawn Point (95.7 2.7 448.8)",1,0,99,"(95.7, 2.7, 448.8)"
Spawn Point Wander,"Spawn Point (38.3 2.2 197.0)",1,0,99,"(38.3, 2.2, 197.0)"
Spawn Point Wander,"Spawn Point (164.6 0.5 138.1)",1,0,99,"(164.6, 0.5, 138.1)"
Spawn Point Wander,"Spawn Point (244.7 -3.2 -35.5)",1,0,99,"(244.7, -3.2, -35.5)"
Spawn Point Wander,"Spawn Point (-155.7 0.1 -58.1)",1,0,99,"(-155.7, 0.1, -58.1)"
Spawn Point Wander,"Spawn Point (-46.1 6.1 -114.0)",1,0,99,"(-46.1, 6.1, -114.0)"
Spawn Point Wander,"Spawn Point (-242.6 3.7 242.1)",1,0,99,"(-242.6, 3.7, 242.1)"
Spawn Point Wander,"Spawn Point (260.7 -5.9 48.7)",1,0,99,"(260.7, -5.9, 48.7)"
Spawn Point Wander,"Spawn Point (170.1 -1.5 -132.8)",1,0,99,"(170.1, -1.5, -132.8)"
Spawn Rush,"Spawn Rush: Objective #1",1,0,99,"(244.9, -3.3, -40.1)"
Boss Hunter,"Spawn Point (55.0 11.9 297.4)",1,15,99,"(55.0, 11.9, 297.4)"
Boss Hunter,"Spawn Point (-258.3 2.9 140.8)",1,15,99,"(-258.3, 2.9, 140.8)"
Boss Hunter,"Spawn Point (-254.0 3.1 125.4)",1,15,99,"(-254.0, 3.1, 125.4)"
Boss Hunter,"Spawn Point (-123.6 5.1 -31.5)",1,15,99,"(-123.6, 5.1, -31.5)"
Boss Hunter,"Spawn Point (-147.5 0.1 -67.4)",1,15,99,"(-147.5, 0.1, -67.4)"
Boss Hunter,"Spawn Point (-136.1 0.1 -71.3)",1,15,99,"(-136.1, 0.1, -71.3)"
Boss Hunter,"Spawn Point (-153.6 0.1 -64.6)",1,15,99,"(-153.6, 0.1, -64.6)"
Boss Hunter,"Spawn Point (-254.2 3.5 149.6)",1,15,99,"(-254.2, 3.5, 149.6)"
Boss Hunter,"Spawn Point (58.6 11.9 309.9)",1,15,99,"(58.6, 11.9, 309.9)"
Boss Hunter,"Spawn Point (-155.7 0.1 -58.1)",1,15,99,"(-155.7, 0.1, -58.1)"
Lexos Director's Office,"Lexos Director's Office: Objective #1",1,15,99,"(63.6, 6.9, 322.7)"
Lexos Director's Office,"Lexos Director's Office: Objective #2",1,15,99,"(63.6, 6.9, 313.3)"
Lexos Director's Office,"Lexos Director's Office: Objective #3",1,15,99,"(68.8, 6.9, 319.6)"
Lexos Director's Office,"Lexos Director's Office: Objective #4",1,15,99,"(67.2, 6.9, 308.4)"
Concordia Basement Security Room,"Concordia Basement Security Room: Objective #1",1,15,99,"(209.8, -1.2, 410.7)"
Concordia Apartment 64,"Concordia Apartment 64: Objective #1",1,15,99,"(277.6, 6.4, 381.6)"
Concordia Apartment 64,"Concordia Apartment 64: Objective #2",1,15,99,"(279.2, 6.4, 387.0)"
Checkannaya 15,"Checkannaya 15: Objective #1",1,0,99,"(107.0, 3.8, 223.8)"
Checkannaya 15,"Checkannaya 15: Objective #2",1,0,99,"(122.4, 3.5, 218.8)"
Checkannaya 15,"Checkannaya 15: Objective #3",1,0,99,"(126.5, 2.8, 231.4)"
Checkannaya 15,"Checkannaya 15: Objective #4",1,0,99,"(131.5, 3.5, 234.0)"
Checkannaya 15,"Checkannaya 15: Objective #5",1,0,99,"(136.7, 3.5, 229.5)"
Checkannaya 15,"Checkannaya 15: Objective #6",1,0,99,"(140.6, 3.5, 233.0)"
Checkannaya 15,"Checkannaya 15: Objective #7",1,0,99,"(150.0, 3.5, 230.1)"
Checkannaya 15,"Checkannaya 15: Objective #8",1,0,99,"(153.6, 3.5, 233.8)"
Lexos North Entry,"Lexos North Entry: Objective #1",1,0,99,"(84.9, 2.8, 266.0)"
Lexos North Entry,"Lexos North Entry: Objective #2",1,0,99,"(70.2, 2.7, 266.7)"
Lexos North Entry,"Lexos North Entry: Objective #3",2,0,99,"(67.6, 5.1, 266.6)"
Lexos Center,"Lexos Center: Objective #1",1,0,99,"(80.7, 2.6, 278.8)"
Lexos Center,"Lexos Center: Objective #2",1,0,99,"(76.3, 2.8, 287.9)"
Lexos Center,"Lexos Center: Objective #3",1,0,99,"(77.7, 2.7, 297.1)"
Lexos Center,"Lexos Center: Objective #4",1,0,99,"(84.6, 2.7, 297.0)"
Lexos Center,"Lexos Center: Objective #5",1,0,99,"(80.2, 2.8, 324.4)"
Lexos Garage,"Lexos Garage: Objective #1",1,0,99,"(94.9, 2.7, 284.2)"
Lexos Garage,"Lexos Garage: Objective #2",1,0,99,"(100.9, 2.7, 289.6)"
Lexos Garage,"Lexos Garage: Objective #3",1,0,99,"(97.1, 2.7, 302.6)"
Lexos Garage,"Lexos Garage: Objective #4",1,0,99,"(95.2, 2.7, 309.3)"
Lexos Garage,"Lexos Garage: Objective #5",1,0,99,"(99.5, 7.0, 305.0)"
Lexos Garage,"Lexos Garage: Objective #6",1,0,99,"(100.1, 7.0, 298.6)"
Lexos South Entry,"Lexos South Entry: Objective #1",1,0,99,"(100.0, 2.6, 331.1)"
Lexos South Entry,"Lexos South Entry: Objective #2",1,0,99,"(92.1, 2.6, 338.5)"
Lexos South Entry,"Lexos South Entry: Objective #3",1,0,99,"(87.8, 2.6, 354.0)"
Lexos South Entry,"Lexos South Entry: Objective #4",1,0,99,"(83.1, 2.7, 354.3)"
Lexos South Entry,"Lexos South Entry: Objective #5",1,0,99,"(70.6, 2.8, 349.6)"
Lexos South Entry,"Lexos South Entry: Objective #6",1,0,99,"(70.6, 2.6, 339.4)"
Lexos South Entry,"Lexos South Entry: Objective #7",1,0,99,"(78.4, 2.6, 334.0)"
Lexos Offices,"Lexos Offices: Objective #1",1,0,99,"(60.4, 2.8, 336.5)"
Lexos Offices,"Lexos Offices: Objective #2",1,0,99,"(57.6, 2.8, 338.8)"
Lexos Offices,"Lexos Offices: Objective #3",1,0,99,"(58.1, 2.8, 346.5)"
Lexos Offices,"Lexos Offices: Objective #4",1,0,99,"(65.1, 2.8, 342.3)"
Lexos Offices,"Lexos Offices: Objective #5",1,0,99,"(57.0, 5.8, 337.8)"
Lexos Offices,"Lexos Offices: Objective #6",1,0,99,"(58.1, 5.8, 346.1)"
Petersen Center,"Petersen Center: Objective #1",1,0,99,"(-126.3, 2.3, 334.2)"
Petersen Center,"Petersen Center: Objective #2",1,0,99,"(-151.4, 2.2, 340.2)"
Petersen Center,"Petersen Center: Objective #3",4,0,99,"(-141.3, 2.3, 333.9)"
Petersen Center,"Petersen Center: Objective #4",1,0,99,"(-128.2, 2.3, 345.0)"
Finance Building,"Finance Building: Objective #1",2,0,99,"(-185.2, 2.7, 225.9)"
Finance Building,"Finance Building: Objective #2",1,0,99,"(-185.2, 6.1, 223.3)"
Finance Building,"Finance Building: Objective #3",1,0,99,"(-176.1, 6.1, 226.5)"
Finance Building,"Finance Building: Objective #4",3,0,99,"(-163.2, 6.1, 229.7)"
Pinewood Hotel Dentist,"Pinewood Hotel Dentist: Objective #1",1,0,99,"(-38.3, 0.9, 46.0)"
Pinewood Hotel Dentist,"Pinewood Hotel Dentist: Objective #2",1,0,99,"(-60.8, 0.8, 54.1)"
Pinewood Hotel Dentist,"Pinewood Hotel Dentist: Objective #3",1,0,99,"(-44.6, 1.3, 57.6)"
Pinewood Hotel Dentist,"Pinewood Hotel Dentist: Objective #4",1,0,99,"(-59.5, 1.3, 59.6)"
Pinewood Hotel Dentist,"Pinewood Hotel Dentist: Objective #5",1,0,99,"(-59.5, 1.3, 62.3)"
Post Office,"Post Office: Objective #1",1,0,99,"(46.8, 1.2, 96.1)"
Post Office,"Post Office: Objective #2",3,0,99,"(48.5, 1.2, 102.2)"
Post Office,"Post Office: Objective #3",2,0,99,"(41.0, 1.3, 122.5)"
Primorsky Locked Apartment,"Primorsky Locked Apartment: Objective #1",1,0,99,"(59.9, 0.6, 45.0)"
Primorsky Locked Apartment,"Primorsky Locked Apartment: Objective #2",1,0,99,"(50.2, 0.6, 44.3)"
Primorsky Locked Apartment,"Primorsky Locked Apartment: Objective #3",1,0,99,"(59.4, 0.6, 37.7)"
Primorsky Locked Apartment,"Primorsky Locked Apartment: Objective #4",1,0,99,"(50.3, 0.6, 34.3)"
Checkannaya 15 Upstairs,"Checkannaya 15 Upstairs: Objective #1",1,0,99,"(131.2, 3.5, 227.2)"
Checkannaya 15 Upstairs,"Checkannaya 15 Upstairs: Objective #2",2,0,99,"(145.4, 3.6, 209.1)"
Checkannaya 15 Upstairs,"Checkannaya 15 Upstairs: Objective #3",1,0,99,"(131.1, 9.5, 219.0)"
Checkannaya 15 Upstairs,"Checkannaya 15 Upstairs: Objective #4",1,0,99,"(131.7, 9.5, 233.6)"
Convoy,"Convoy: Objective #1",3,0,99,"(16.0, 2.5, 250.7)"
Convoy,"Convoy: Objective #2",2,0,99,"(4.4, 2.1, 205.2)"
Nikitskaya 6,"Nikitskaya 6: Objective #1",1,0,99,"(-92.4, 3.3, 287.1)"
Nikitskaya 6,"Nikitskaya 6: Objective #2",1,0,99,"(-88.8, 8.4, 286.9)"
Nikitskaya 6,"Nikitskaya 6: Objective #3",1,0,99,"(-104.5, 8.5, 289.5)"
Nikitskaya 6,"Nikitskaya 6: Objective #4",1,0,99,"(-133.8, 8.3, 292.4)"
Nikitskaya 6,"Nikitskaya 6: Objective #5",1,0,99,"(-131.3, 8.4, 285.3)"
Nikitskaya 6,"Nikitskaya 6: Objective #6",1,0,99,"(-131.0, 8.8, 272.5)"
Nikitskaya 6,"Nikitskaya 6: Objective #7",1,0,99,"(-130.5, 13.1, 267.4)"
Nikitskaya 6,"Nikitskaya 6: Objective #8",1,0,99,"(-109.5, 2.7, 285.0)"
Dostoevsky Restaurant,"Dostoevsky Restaurant: Objective #1",1,0,99,"(-193.0, 2.4, 256.6)"
Dostoevsky Restaurant,"Dostoevsky Restaurant: Objective #2",1,0,99,"(-199.2, 7.0, 238.4)"
Dostoevsky Restaurant,"Dostoevsky Restaurant: Objective #3",1,0,99,"(-198.6, 7.0, 256.0)"
Primorksy 46,"Primorksy 46: Objective #1",1,0,99,"(44.5, 10.3, 120.7)"
Primorksy 46,"Primorksy 46: Objective #2",1,0,99,"(45.1, 10.2, 96.2)"
Primorksy 46,"Primorksy 46: Objective #3",1,0,99,"(38.6, 10.2, 99.6)"
Primorksy 46,"Primorksy 46: Objective #4",1,0,99,"(52.8, 7.2, 86.6)"
Primorksy 46,"Primorksy 46: Objective #5",2,0,99,"(37.3, 7.3, 87.2)"
Primorksy 46,"Primorksy 46: Objective #6",1,0,99,"(35.9, 7.2, 100.6)"
Primorksy 46,"Primorksy 46: Objective #7",1,0,99,"(44.8, 7.2, 121.6)"
Primorksy 46,"Primorksy 46: Objective #8",1,0,99,"(44.3, 4.2, 93.9)"
Underpass Stores,"Underpass Stores: Objective #1",1,0,99,"(11.6, -3.7, -16.4)"
Underpass Stores,"Underpass Stores: Objective #2",1,0,99,"(5.0, -3.7, -0.8)"
Underpass Stores,"Underpass Stores: Objective #3",1,0,99,"(11.5, -3.7, -9.2)"
Concordia Goshan,"Concordia Goshan: Objective #1",2,0,99,"(278.6, 3.4, 388.8)"
Concordia Apartment 8,"Concordia Apartment 8: Objective #1",1,0,99,"(225.9, 9.4, 396.9)"
Concordia Building 9 Gym,"Concordia Building 9 Gym: Objective #1",1,0,99,"(138.1, 3.5, 382.3)"
Concordia Building 9 Gym,"Concordia Building 9 Gym: Objective #2",1,0,99,"(147.4, 3.5, 385.4)"
Concordia Building 9 Gym,"Concordia Building 9 Gym: Objective #3",1,0,99,"(149.4, 3.5, 370.9)"
Concordia Building 9 Gym,"Concordia Building 9 Gym: Objective #4",1,0,99,"(135.7, 3.5, 375.8)"
Concordia Building 9 Office,"Concordia Building 9 Office: Objective #1",1,0,99,"(145.3, 3.5, 354.5)"
Concordia Building 9 Office,"Concordia Building 9 Office: Objective #2",1,0,99,"(150.4, 6.5, 353.3)"
Concordia Building 9 Office,"Concordia Building 9 Office: Objective #3",1,0,99,"(135.9, 6.5, 345.4)"
Construction,"Construction: Objective #1",1,0,99,"(183.9, 3.5, 323.7)"
Construction,"Construction: Objective #2",1,0,99,"(202.7, 3.6, 331.2)"
Construction,"Construction: Objective #3",1,0,99,"(180.1, 6.0, 312.2)"
Construction,"Construction: Objective #4",1,0,99,"(187.2, 3.5, 261.0)"
Construction,"Construction: Objective #5",1,0,99,"(194.8, 4.0, 291.6)"
Construction,"Construction: Objective #6",1,0,99,"(211.4, 3.9, 304.5)"
Construction,"Construction: Objective #7",1,0,99,"(197.7, 3.9, 303.6)"
Construction,"Construction: Objective #8",1,0,99,"(204.0, 6.8, 289.0)"
Construction,"Construction: Objective #9",1,0,99,"(196.6, 6.9, 302.0)"
Construction,"Construction: Objective #10",1,0,99,"(206.4, 6.8, 305.5)"
Sparja,"Sparja: Objective #1",1,0,99,"(162.4, 3.8, 304.0)"
Sparja,"Sparja: Objective #2",1,0,99,"(147.7, 3.8, 289.7)"
Sparja,"Sparja: Objective #3",1,0,99,"(122.8, 3.8, 298.0)"
Sparja,"Sparja: Objective #4",1,0,99,"(110.9, 3.8, 299.1)"
Sparja,"Sparja: Objective #5",1,0,99,"(133.6, 3.8, 305.4)"
Sparja,"Sparja: Objective #6",1,0,99,"(124.6, 6.8, 287.8)"
Koener Steak and Grill,"Koener Steak and Grill: Objective #1",1,0,99,"(47.7, 3.2, 396.2)"
Primorsky Extract Area,"Primorsky Extract Area: Objective #1",1,0,99,"(9.4, 2.2, 445.3)"
TrainHard,"TrainHard: Objective #1",1,0,99,"(-167.2, 2.4, 465.1)"
S Cinema Store,"S Cinema Store: Objective #1",1,0,99,"(-178.7, 2.3, 412.0)"
Cinema,"Cinema: Objective #1",2,0,99,"(-168.9, 8.6, 405.7)"
Cinema,"Cinema: Objective #2",4,0,99,"(-193.1, 9.6, 405.7)"
Cinema,"Cinema: Objective #3",2,0,99,"(-167.4, 11.2, 414.0)"
Cinema,"Cinema: Objective #4",3,0,99,"(-163.6, 14.2, 401.7)"
Cinema,"Cinema: Objective #5",1,0,99,"(-192.8, 8.6, 418.3)"
Cinema,"Cinema: Objective #6",1,0,99,"(-186.3, 8.6, 382.1)"
Cinema Hideout,"Cinema Hideout: Objective #1",1,0,99,"(-136.3, 2.6, 399.6)"
Cinema Hideout,"Cinema Hideout: Objective #2",1,0,99,"(-130.6, 2.4, 395.2)"
Cinema Courtyard,"Cinema Courtyard: Objective #1",1,0,99,"(-88.3, -0.1, 415.5)"
Bilbo Coffee,"Bilbo Coffee: Objective #1",1,0,99,"(-78.7, 2.3, 346.7)"
Bilbo Coffee,"Bilbo Coffee: Objective #2",1,0,99,"(-78.5, 3.2, 336.5)"
Bilbo Coffee,"Bilbo Coffee: Objective #3",1,0,99,"(-58.1, 3.2, 328.7)"
Bilbo Coffee,"Bilbo Coffee: Objective #4",1,0,99,"(-32.7, 2.2, 318.9)"
Diner,"Diner: Objective #1",1,0,99,"(-79.0, 2.4, 235.6)"
Diner,"Diner: Objective #2",1,0,99,"(-84.4, 3.5, 234.7)"
Diner Hideout,"Diner Hideout: Objective #1",1,0,99,"(-115.5, 5.3, 246.5)"
Car Lot Office,"Car Lot Office: Objective #1",2,0,99,"(-154.5, 2.2, 226.7)"
Pinewood Hotel Basement Access,"Pinewood Hotel Basement Access: Objective #1",1,0,99,"(-117.8, 0.9, 67.4)"
Pinewood Hotel Basement Access,"Pinewood Hotel Basement Access: Objective #2",1,0,99,"(-102.4, 1.3, 64.2)"
Pinewood Hotel 2nd Floor,"Pinewood Hotel 2nd Floor: Objective #1",1,0,99,"(-78.4, 5.2, 51.9)"
Pinewood Hotel 2nd Floor,"Pinewood Hotel 2nd Floor: Objective #2",1,0,99,"(-67.2, 5.2, 52.2)"
Pinewood Hotel 2nd Floor,"Pinewood Hotel 2nd Floor: Objective #3",1,0,99,"(-48.4, 5.1, 63.1)"
Pinewood Hotel Main Entrance,"Pinewood Hotel Main Entrance: Objective #1",1,0,99,"(-111.5, 5.1, 85.1)"
Pinewood Hotel Main Entrance,"Pinewood Hotel Main Entrance: Objective #2",1,0,99,"(-117.6, 1.5, 101.1)"
Pinewood Hotel Main Entrance,"Pinewood Hotel Main Entrance: Objective #3",1,0,99,"(-93.7, 1.5, 120.2)"
Pinewood Hotel Sparja,"Pinewood Hotel Sparja: Objective #1",1,0,99,"(-84.9, 1.4, 172.9)"
Pinewood Hotel Sparja,"Pinewood Hotel Sparja: Objective #2",1,0,99,"(-82.3, 1.4, 162.8)"
Pinewood Hotel Sparja,"Pinewood Hotel Sparja: Objective #3",1,0,99,"(-76.6, 1.4, 157.8)"
Pinewood Hotel Sparja,"Pinewood Hotel Sparja: Objective #4",1,0,99,"(-59.5, 1.5, 162.7)"
Pinewood Hotel Sparja,"Pinewood Hotel Sparja: Objective #5",1,0,99,"(-56.4, 1.5, 149.1)"
Pinewood Hotel Burger Spot,"Pinewood Hotel Burger Spot: Objective #1",1,0,99,"(-25.3, 1.4, 138.7)"
Pinewood Hotel Burger Spot,"Pinewood Hotel Burger Spot: Objective #2",1,0,99,"(-37.8, 1.4, 137.8)"
Pinewood Hotel Burger Spot,"Pinewood Hotel Burger Spot: Objective #3",1,0,99,"(-27.0, 1.4, 128.4)"
Pinewood Hotel Burger Spot,"Pinewood Hotel Burger Spot: Objective #4",1,0,99,"(-26.6, 1.4, 149.1)"
Nikita Cafe,"Nikita Cafe: Objective #1",1,0,99,"(-165.3, 3.2, 180.2)"
Shestyorochka,"Shestyorochka: Objective #1",1,0,99,"(-201.1, 3.4, 190.0)"
Shestyorochka,"Shestyorochka: Objective #2",3,0,99,"(-211.6, 3.4, 182.9)"
ALCO-Point,"ALCO-Point: Objective #1",1,0,99,"(-218.2, 2.3, 281.3)"
ALCO-Point,"ALCO-Point: Objective #2",1,0,99,"(-230.0, 2.2, 283.4)"
ALCO-Point,"ALCO-Point: Objective #3",2,0,99,"(-220.3, 5.3, 277.4)"
ALCO-Point,"ALCO-Point: Objective #4",1,0,99,"(-203.3, 2.3, 290.9)"
Coffee Joy,"Coffee Joy: Objective #1",1,0,99,"(39.6, 1.2, 66.2)"
Coffee Joy,"Coffee Joy: Objective #2",1,0,99,"(38.1, 1.2, 73.3)"
Coffee Joy,"Coffee Joy: Objective #3",1,0,99,"(51.7, 1.2, 81.5)"
Pharmacy,"Pharmacy: Objective #1",1,0,99,"(40.5, 2.7, 163.1)"
Pharmacy,"Pharmacy: Objective #2",1,0,99,"(46.7, 2.7, 150.4)"
Pharmacy,"Pharmacy: Objective #3",1,0,99,"(51.4, 2.7, 156.0)"
Pharmacy,"Pharmacy: Objective #4",1,0,99,"(41.4, 2.7, 169.5)"
Census Building,"Census Building: Objective #1",1,0,99,"(72.1, 0.4, 139.7)"
Census Building,"Census Building: Objective #2",1,0,99,"(83.8, 0.9, 142.6)"
Census Building,"Census Building: Objective #3",1,0,99,"(79.1, 0.9, 125.7)"
Census Building,"Census Building: Objective #4",1,0,99,"(86.6, 0.9, 129.9)"
Census Building,"Census Building: Objective #5",1,0,99,"(77.2, 3.9, 134.4)"
Brodian Pub,"Brodian Pub: Objective #1",1,0,99,"(117.6, 0.5, 114.6)"
Brodian Pub,"Brodian Pub: Objective #2",1,0,99,"(108.8, 0.5, 114.6)"
Prestigio,"Prestigio: Objective #1",1,0,99,"(40.6, 2.8, 232.5)"
Aba,"Aba: Objective #1",1,0,99,"(44.6, 2.8, 205.9)"
Theater Construction,"Theater Construction: Objective #1",1,0,99,"(-16.9, 2.7, 242.3)"
Theater Hideout,"Theater Hideout: Objective #1",1,0,99,"(-35.4, 3.4, 240.2)"
Malevicha 2,"Malevicha 2: Objective #1",1,0,99,"(-187.8, 7.2, 281.3)"
Malevicha 2,"Malevicha 2: Objective #2",1,0,99,"(-174.6, 7.2, 289.0)"
Nikitskaya 8,"Nikitskaya 8: Objective #1",1,0,99,"(-148.1, 6.2, 265.2)"
Zmejsky 5,"Zmejsky 5: Objective #1",1,0,99,"(134.0, 4.6, 152.4)"
Zmejsky 5,"Zmejsky 5: Objective #2",1,0,99,"(116.6, 13.5, 136.9)"
Zmejsky 3,"Zmejsky 3: Objective #1",1,0,99,"(120.0, 4.1, 121.8)"
Zmejsky 3,"Zmejsky 3: Objective #2",1,0,99,"(105.8, 4.1, 129.7)"
Primorksy 48,"Primorksy 48: Objective #1",1,0,99,"(51.0, 5.7, 153.6)"
Primorksy 48,"Primorksy 48: Objective #2",1,0,99,"(34.9, 5.7, 150.6)"
Primorksy 48 Bridge,"Primorksy 48 Bridge: Objective #1",4,0,99,"(48.5, 11.7, 142.9)"
Primorksy 48 Apt 10,"Primorksy 48 Apt 10: Objective #1",1,0,99,"(37.5, 11.7, 151.1)"
Primorksy 48 Apt 10,"Primorksy 48 Apt 10: Objective #2",1,0,99,"(35.7, 11.7, 155.6)"
Crash Site Warehouse,"Crash Site Warehouse: Objective #1",1,0,99,"(143.3, 3.1, 454.6)"
Crash Site Warehouse,"Crash Site Warehouse: Objective #2",1,0,99,"(140.6, 3.2, 443.8)"
Crash Site Warehouse,"Crash Site Warehouse: Objective #3",1,0,99,"(143.6, 6.2, 454.6)"
School,"School: Objective #1",1,0,99,"(208.3, 0.3, 139.3)"
School,"School: Objective #2",1,0,99,"(202.8, 0.3, 113.5)"
School,"School: Objective #3",1,0,99,"(213.0, 3.8, 115.3)"
School,"School: Objective #4",1,0,99,"(217.7, 3.8, 107.0)"
School,"School: Objective #5",2,0,99,"(213.8, 3.8, 122.2)"
Building across from Brodian Pub,"Building across from Brodian Pub: Objective #1",1,0,99,"(138.5, -1.4, 78.7)"
Building across from Brodian Pub,"Building across from Brodian Pub: Objective #2",1,0,99,"(135.4, -1.4, 97.3)"
Terragroup Building,"Terragroup Building: Objective #1",2,0,99,"(56.3, 0.3, -74.1)"
Terragroup Building,"Terragroup Building: Objective #2",1,0,99,"(62.5, 0.3, -78.1)"
Terragroup Building,"Terragroup Building: Objective #3",1,0,99,"(44.7, 0.3, -75.1)"
Terragroup Building,"Terragroup Building: Objective #4",1,0,99,"(45.2, 0.3, -54.8)"
Terragroup Office,"Terragroup Office: Objective #1",2,0,99,"(-33.8, 6.6, -111.5)"
Terragroup Office,"Terragroup Office: Objective #2",2,0,99,"(-38.4, 6.6, -118.5)"
Mall Storage and Construction,"Mall Storage and Construction: Objective #1",1,0,99,"(-104.6, 0.6, -42.0)"
Mall Storage and Construction,"Mall Storage and Construction: Objective #2",1,0,99,"(-114.1, 0.7, -64.8)"
Mall Storage and Construction,"Mall Storage and Construction: Objective #3",1,0,99,"(-117.6, 0.6, -69.0)"
Mall Storage and Construction Rear,"Mall Storage and Construction Rear: Objective #1",1,0,99,"(-147.4, 0.6, -69.9)"
Mall Storage and Construction Rear,"Mall Storage and Construction Rear: Objective #2",1,0,99,"(-107.4, 0.6, -71.3)"
Beluga,"Beluga: Objective #1",6,0,99,"(-38.5, 0.6, -45.2)"
Beluga,"Beluga: Objective #2",4,0,99,"(-27.9, 5.2, -33.9)"
Beluga,"Beluga: Objective #3",2,0,99,"(-60.3, 5.1, -28.0)"
Beluga,"Beluga: Objective #4",1,0,99,"(-47.6, 9.7, -72.0)"
Beluga,"Beluga: Objective #5",1,0,99,"(-36.7, 9.7, -73.1)"
Beluga,"Beluga: Objective #6",4,0,99,"(-22.3, 9.6, -60.5)"
Beluga Rear Storage,"Beluga Rear Storage: Objective #1",1,0,99,"(-41.6, 0.6, -67.7)"
Beluga Rear Storage,"Beluga Rear Storage: Objective #2",1,0,99,"(-62.0, 0.7, -69.3)"
Primorsky Courtyard,"Primorsky Courtyard: Objective #1",2,0,99,"(56.3, 0.5, 65.9)"
Primorsky Courtyard,"Primorsky Courtyard: Objective #2",2,0,99,"(109.9, -1.7, 88.9)"
Primorsky Courtyard,"Primorsky Courtyard: Objective #3",2,0,99,"(77.2, 0.5, 103.9)"
Primorsky Courtyard,"Primorsky Courtyard: Objective #4",2,0,99,"(72.2, 0.5, 121.3)"
Primorsky Courtyard,"Primorsky Courtyard: Objective #5",2,0,99,"(91.0, 1.1, 165.8)"
Primorsky Courtyard,"Primorsky Courtyard: Objective #6",2,0,99,"(69.7, 0.9, 190.4)"
Primorsky Courtyard,"Primorsky Courtyard: Objective #7",2,0,99,"(55.3, 1.9, 211.8)"
Primorsky Courtyard,"Primorsky Courtyard: Objective #8",2,0,99,"(102.5, 1.9, 210.9)"
Primorsky Courtyard,"Primorsky Courtyard: Objective #9",2,0,99,"(130.0, 1.8, 203.0)"
Pinewood Hotel Patrol,"Pinewood Hotel Patrol: Objective #1",2,0,99,"(-29.6, 2.1, 59.4)"
Pinewood Hotel Patrol,"Pinewood Hotel Patrol: Objective #2",2,0,99,"(-46.7, 0.9, 113.8)"
Pinewood Hotel Patrol,"Pinewood Hotel Patrol: Objective #3",2,0,99,"(-84.4, 0.8, 140.1)"
Pinewood Hotel Patrol,"Pinewood Hotel Patrol: Objective #4",2,0,99,"(-118.4, 1.5, 116.4)"
Pinewood Hotel Patrol,"Pinewood Hotel Patrol: Objective #5",2,0,99,"(-111.1, 0.8, 82.6)"
Pinewood Hotel Patrol,"Pinewood Hotel Patrol: Objective #6",2,0,99,"(-59.4, 0.9, 71.3)"
Pinewood Hotel Patrol,"Pinewood Hotel Patrol: Objective #7",2,0,99,"(-79.6, 1.4, 108.2)"
Pinewood Hotel Patrol,"Pinewood Hotel Patrol: Objective #8",2,0,99,"(-59.4, 1.0, 91.5)"
Cinema Sniping,"Cinema Sniping: Objective #1",2,0,99,"(-155.5, 8.6, 417.7)"
Cinema Sniping,"Cinema Sniping: Objective #2",2,0,99,"(-141.1, 8.6, 407.5)"
Cinema Sniping,"Cinema Sniping: Objective #3",2,0,99,"(-140.7, 8.6, 393.1)"
Cinema Sniping,"Cinema Sniping: Objective #4",2,0,99,"(-155.3, 8.6, 379.4)"
Cinema Sniping,"Cinema Sniping: Objective #5",2,0,99,"(-181.6, 8.6, 376.9)"
Concordia Courtyard,"Concordia Courtyard: Objective #1",2,0,99,"(251.4, 3.5, 391.9)"
Concordia Courtyard,"Concordia Courtyard: Objective #2",2,0,99,"(237.2, 3.5, 342.3)"
Concordia Courtyard,"Concordia Courtyard: Objective #3",2,0,99,"(203.4, 3.5, 367.6)"
Concordia Basement,"Concordia Basement: Objective #1",1,0,99,"(258.9, -1.2, 357.1)"
Concordia Basement,"Concordia Basement: Objective #2",2,0,99,"(201.5, -1.2, 378.9)"
Concordia Basement,"Concordia Basement: Objective #3",1,0,99,"(156.5, -1.2, 356.1)"
Concordia Basement,"Concordia Basement: Objective #4",1,0,99,"(264.2, -1.2, 369.7)"
Crash SW Apartment,"Crash SW Apartment: Objective #1",1,0,99,"(276.7, 3.7, 503.0)"
Father and Sons Apartments,"Father and Sons Apartments: Objective #1",1,0,99,"(80.4, 2.8, 221.8)"
Father and Sons Apartments,"Father and Sons Apartments: Objective #2",1,0,99,"(55.9, 12.3, 235.7)"
Golden World,"Golden World: Objective #1",1,0,99,"(118.6, -0.4, 43.3)"
Golden World,"Golden World: Objective #2",1,0,99,"(105.2, -1.8, 37.0)"
Shop Near Kamchatskaya Arch,"Shop Near Kamchatskaya Arch: Objective #1",1,0,99,"(247.8, -4.2, 51.9)"
Apartments Across from Kamchatskaya Arch,"Apartments Across from Kamchatskaya Arch: Objective #1",2,0,99,"(227.4, -4.0, 58.7)"
Spawns South of Kamchatskaya Arch,"Spawns South of Kamchatskaya Arch: Objective #1",1,0,99,"(244.2, -2.8, 85.9)"
Spawns South of Kamchatskaya Arch,"Spawns South of Kamchatskaya Arch: Objective #2",1,0,99,"(251.6, -1.4, 120.8)"
West Car Garage Bag,"West Car Garage Bag: Objective #1",1,0,99,"(219.3, 0.7, 207.0)"
West Apartments Near Car Garage,"West Apartments Near Car Garage: Objective #1",3,0,99,"(182.3, 6.4, 176.8)"
Vet Clinic,"Vet Clinic: Objective #1",1,0,99,"(225.2, 0.6, 174.8)"
Children's Polyclinic No. 69,"Children's Polyclinic No. 69: Objective #1",1,0,99,"(183.2, -1.0, 120.8)"
Children's Polyclinic No. 69,"Children's Polyclinic No. 69: Objective #2",1,0,99,"(181.9, 1.8, 122.8)"
Children's Polyclinic No. 69,"Children's Polyclinic No. 69: Objective #3",1,0,99,"(183.2, 1.8, 102.4)"
Klimova 16A Adjacent Building,"Klimova 16A Adjacent Building: Objective #1",1,0,99,"(163.4, -0.8, 44.8)"
Klimova 16A,"Klimova 16A: Objective #1",2,0,99,"(191.4, -4.7, 61.1)"
Klimova 16A,"Klimova 16A: Objective #2",2,0,99,"(187.2, -4.7, 75.9)"
Klimova 16A,"Klimova 16A: Objective #3",1,0,99,"(189.7, -1.2, 54.5)"
Expo Building,"Expo Building: Objective #1",1,0,99,"(233.5, -2.1, -106.7)"
Cardinal West Building,"Cardinal West Building: Objective #1",1,0,99,"(178.9, -1.5, -127.4)"
Cardinal West Courtyard,"Cardinal West Courtyard: Objective #1",1,0,99,"(126.6, -1.9, -122.5)"
Cardinal East Building,"Cardinal East Building: Objective #1",1,0,99,"(44.3, 9.0, -143.3)"
Cardinal East Building,"Cardinal East Building: Objective #2",1,0,99,"(68.3, 12.7, -134.8)"
Cardinal East Building,"Cardinal East Building: Objective #3",2,0,99,"(69.5, 12.7, -124.7)"
Cardinal East Courtyard Sniping,"Cardinal East Courtyard Sniping: Objective #1",2,0,99,"(71.3, 4.0, -116.1)"
Cardinal East Courtyard Sniping,"Cardinal East Courtyard Sniping: Objective #2",2,0,99,"(84.4, 4.0, -132.5)"
Cardinal South Building,"Cardinal South Building: Objective #1",1,0,99,"(143.8, -1.4, -41.5)"
Cardinal South Building,"Cardinal South Building: Objective #2",1,0,99,"(124.5, -1.4, -27.7)"
Apartments near Tonni Hellfinger,"Apartments near Tonni Hellfinger: Objective #1",1,0,99,"(-61.7, 6.3, -146.0)"
Apartments near Tonni Hellfinger,"Apartments near Tonni Hellfinger: Objective #2",1,0,99,"(-50.7, 9.3, -154.4)"
Figaro,"Figaro: Objective #1",1,0,99,"(-120.3, 0.6, -24.7)"
Figaro,"Figaro: Objective #2",1,0,99,"(-128.6, 0.6, -27.2)"
Bear Hunting and Fishing Shop,"Bear Hunting and Fishing Shop: Objective #1",2,0,99,"(-155.3, 0.6, -47.6)"
G Phone,"G Phone: Objective #1",1,0,99,"(-136.3, 0.7, -46.0)"
Mall Second Floor Sniping,"Mall Second Floor Sniping: Objective #1",2,0,99,"(-132.7, 5.1, -7.1)"
Mall Third Floor Sniping,"Mall Third Floor Sniping: Objective #1",6,0,99,"(-123.4, 9.8, -7.7)"
World of Childhood Sniping,"World of Childhood Sniping: Objective #1",1,0,99,"(-111.6, 0.6, -28.4)"
World of Childhood Sniping,"World of Childhood Sniping: Objective #2",6,0,99,"(-84.5, 5.1, -24.4)"
Anteka,"Anteka: Objective #1",1,0,99,"(93.8, 4.1, -280.9)"
Anteka,"Anteka: Objective #2",1,0,99,"(85.3, 4.1, -281.2)"
Anteka,"Anteka: Objective #3",1,0,99,"(84.3, 4.1, -272.4)"
Ministry of the Interior Academy,"Ministry of the Interior Academy: Objective #1",1,0,99,"(-258.3, 2.3, 131.9)"
Ministry of the Interior Academy,"Ministry of the Interior Academy: Objective #2",1,0,99,"(-257.8, 2.3, 142.6)"
Ministry of the Interior Academy,"Ministry of the Interior Academy: Objective #3",1,0,99,"(-253.2, 3.0, 133.7)"
Ministry of the Interior Academy,"Ministry of the Interior Academy: Objective #4",1,0,99,"(-247.3, 3.2, 132.6)"
Ministry of the Interior Academy,"Ministry of the Interior Academy: Objective #5",1,0,99,"(-251.2, 3.0, 145.0)"
Ministry of the Interior Academy,"Ministry of the Interior Academy: Objective #6",1,0,99,"(-257.5, 3.0, 158.0)"
Ministry of the Interior Academy Outside,"Ministry of the Interior Academy Outside: Objective #1",1,0,99,"(-236.0, 2.3, 153.6)"
Ministry of the Interior Academy Outside,"Ministry of the Interior Academy Outside: Objective #2",1,0,99,"(-195.3, 2.1, 108.3)"
Ministry of the Interior Academy Outside,"Ministry of the Interior Academy Outside: Objective #3",1,0,99,"(-222.1, 2.1, 119.2)"
The Hive,"The Hive: Objective #1",1,10,99,"(-212.6, 3.2, 298.1)"
The Hive,"The Hive: Objective #2",1,10,99,"(-207.7, 3.2, 301.0)"
The Hive,"The Hive: Objective #3",1,10,99,"(-207.2, 3.2, 305.8)"
The Hive,"The Hive: Objective #4",1,10,99,"(-206.3, 3.2, 307.5)"
The Hive,"The Hive: Objective #5",1,10,99,"(-214.6, 3.2, 310.1)"
Petrov Vodkin Restaurant,"Petrov Vodkin Restaurant: Objective #1",1,0,99,"(-193.0, 3.1, 342.0)"
Petrov Vodkin Restaurant,"Petrov Vodkin Restaurant: Objective #2",1,0,99,"(-200.8, 3.5, 343.1)"
Petrov Vodkin Restaurant,"Petrov Vodkin Restaurant: Objective #3",1,0,99,"(-209.9, 3.5, 343.2)"
Petrov Vodkin Restaurant,"Petrov Vodkin Restaurant: Objective #4",1,0,99,"(-196.6, 3.5, 331.3)"
Pharmancy #2,"Pharmancy #2: Objective #1",1,0,99,"(-55.4, 3.3, 341.5)"
Pharmancy #2,"Pharmancy #2: Objective #2",1,0,99,"(-57.0, 3.2, 337.7)"
Russian Real Estate Fund,"Russian Real Estate Fund: Objective #1",1,0,99,"(-58.4, 2.7, 455.7)"
Russian Real Estate Fund,"Russian Real Estate Fund: Objective #2",1,0,99,"(-66.1, 2.7, 460.8)"
Russian Real Estate Fund,"Russian Real Estate Fund: Objective #3",1,0,99,"(-51.9, 2.7, 461.0)"
Russian Real Estate Fund,"Russian Real Estate Fund: Objective #4",1,0,99,"(-66.0, 6.9, 456.5)"
Russian Real Estate Fund,"Russian Real Estate Fund: Objective #5",1,0,99,"(-44.6, 6.9, 465.3)"
Russian Real Estate Fund,"Russian Real Estate Fund: Objective #6",1,0,99,"(-58.1, 6.9, 464.7)"
IT Firm Office,"IT Firm Office: Objective #1",1,0,99,"(169.5, 0.8, 159.6)"
IT Firm Office,"IT Firm Office: Objective #2",1,0,99,"(171.4, 0.8, 163.9)"
IT Firm Office,"IT Firm Office: Objective #3",1,0,99,"(167.3, 0.8, 165.7)"
IT Firm Office,"IT Firm Office: Objective #4",1,0,99,"(164.1, 0.8, 155.0)"
IT Firm Office,"IT Firm Office: Objective #5",1,0,99,"(167.6, 0.8, 153.6)"
IT Firm Office,"IT Firm Office: Objective #6",1,0,99,"(163.7, 0.8, 146.4)"
IT Firm Office,"IT Firm Office: Objective #7",1,0,99,"(162.7, 0.8, 142.9)"
IT Firm Office,"IT Firm Office: Objective #8",1,0,99,"(156.7, 0.8, 141.4)"
IT Firm Office,"IT Firm Office: Objective #9",1,0,99,"(159.0, 0.8, 137.2)"
Barber Shop,"Barber Shop: Objective #1",1,0,99,"(209.7, 3.4, 407.1)"
Unity Credit Bank,"Unity Credit Bank: Objective #1",1,0,99,"(120.0, 0.3, -21.9)"
Unity Credit Bank,"Unity Credit Bank: Objective #2",1,0,99,"(114.3, 0.3, -25.8)"
